source_id,clip_id,split,speaker,n_frames,source_raw_text,llm_raw_text,suggested_text,action,confidence,char_change_ratio,word_change_ratio,risk_flags,validation_flags,review_status,notes,video_path,video_exists,txt_path,txt_exists,txt_matches_source
CHARLA SOBRE EL AMOR Y EL DESAMOR,clip_0000,val,f04,100,voy a antereccionar maria del cerro y ahora que hay un monton de gente en el chat les quiero decir algo,voy a antereccionar maria del cerro y ahora que hay un monton de gente en el chat les quiero decir algo,voy a reaccionar a maria becerra y ahora que hay un monton de gente en el chat les quiero decir algo,corrected,0.76,0.064,0.1429,nombre_propio|cambio_grande|correccion_inferida|requiere_video,,reject_suggestion,corrige verbo y nombre propio por contexto del video y mencion posterior,data/clips/CHARLA SOBRE EL AMOR Y EL DESAMOR/clip_0000.mp4,True,data/clips/CHARLA SOBRE EL AMOR Y EL DESAMOR/clip_0000.txt,True,True
CHARLA SOBRE EL AMOR Y EL DESAMOR,clip_0001,val,f04,125,la vida aca voy a aparecer un hippie o esas finas que leen el horoscopo,la vida aca voy a aparecer un hippie o esas finas que leen el horoscopo,la vida aca voy a parecer un hippie o esas minas que leen el horoscopo,corrected,0.9,0.0213,0.1333,jerga,,accept_correction,aparecer y finas son errores claros por contexto de habla,data/clips/CHARLA SOBRE EL AMOR Y EL DESAMOR/clip_0001.mp4,True,data/clips/CHARLA SOBRE EL AMOR Y EL DESAMOR/clip_0001.txt,True,True
CHARLA SOBRE EL AMOR Y EL DESAMOR,clip_0002,val,f04,100,pero la vida posta que se trata de energias,pero la vida posta que se trata de energias,pero la vida posta que se trata de energias,keep,0.88,0.0,0.0,,,keep_raw,,data/clips/CHARLA SOBRE EL AMOR Y EL DESAMOR/clip_0002.mp4,True,data/clips/CHARLA SOBRE EL AMOR Y EL DESAMOR/clip_0002.txt,True,True
CHARLA SOBRE EL AMOR Y EL DESAMOR,clip_0003,val,f04,200,entienden que estamos haciendo un stream a las 4 de la mañana en españa y tengo 24k de viewers hablando de futbol,entienden que estamos haciendo un stream a las 4 de la mañana en españa y tengo 24k de viewers hablando de futbol,entienden que estamos haciendo un stream a las 4 de la mañana en españa y tengo 24k de viewers hablando de futbol,keep,0.88,0.0,0.0,,,keep_raw,,data/clips/CHARLA SOBRE EL AMOR Y EL DESAMOR/clip_0003.mp4,True,data/clips/CHARLA SOBRE EL AMOR Y EL DESAMOR/clip_0003.txt,True,True
CHARLA SOBRE EL AMOR Y EL DESAMOR,clip_0004,val,f04,125,algo totalmente impensado estan saliendo todos los dias los rankings de twitch y a mi,algo totalmente impensado estan saliendo todos los dias los rankings de twitch y a mi,algo totalmente impensado estan saliendo todos los dias los rankings de twitch y a mi,keep,0.88,0.0,0.0,,,keep_raw,,data/clips/CHARLA SOBRE EL AMOR Y EL DESAMOR/clip_0004.mp4,True,data/clips/CHARLA SOBRE EL AMOR Y EL DESAMOR/clip_0004.txt,True,True
CHARLA SOBRE EL AMOR Y EL DESAMOR,clip_0005,val,f04,125,yo ya tengo 10 11 años de streamer no me interesa ranquear pero te la blanqueo,yo ya tengo 10 11 años de streamer no me interesa ranquear pero te la blanqueo,yo ya tengo 10 11 años de streamer no me interesa ranquear pero te la blanqueo,keep,0.88,0.0,0.0,,,keep_raw,,data/clips/CHARLA SOBRE EL AMOR Y EL DESAMOR/clip_0005.mp4,True,data/clips/CHARLA SOBRE EL AMOR Y EL DESAMOR/clip_0005.txt,True,True
CHARLA SOBRE EL AMOR Y EL DESAMOR,clip_0008,val,f04,125,ah buena poronga 23k ojo me la sube sabe por que me la sube,ah buena poronga 23k ojo me la sube sabe por que me la sube,ah buena poronga 23k ojo me la sube saben por que me la sube,corrected,0.78,0.0084,0.0714,insulto|jerga,,accept_correction,saben concuerda con el chat como destinatario,data/clips/CHARLA SOBRE EL AMOR Y EL DESAMOR/clip_0008.mp4,True,data/clips/CHARLA SOBRE EL AMOR Y EL DESAMOR/clip_0008.txt,True,True
CHARLA SOBRE EL AMOR Y EL DESAMOR,clip_0009,val,f04,100,porque eso es mi historia por eso estoy donde estoy por eso soy main event,porque eso es mi historia por eso estoy donde estoy por eso soy main event,porque eso es mi historia por eso estoy donde estoy por eso soy main event,keep,0.88,0.0,0.0,,,keep_raw,,data/clips/CHARLA SOBRE EL AMOR Y EL DESAMOR/clip_0009.mp4,True,data/clips/CHARLA SOBRE EL AMOR Y EL DESAMOR/clip_0009.txt,True,True
CHARLA SOBRE EL AMOR Y EL DESAMOR,clip_0013,val,f04,150,ojo yo veo el numero y no les voy a negarme me motivo me motivo,ojo yo veo el numero y no les voy a negarme me motivo me motivo,ojo yo veo el numero y no les voy a negar me motivo me motivo,corrected,0.93,0.0161,0.0667,correccion_inferida,,accept_correction,negarme rompe la construccion no les voy a negar,data/clips/CHARLA SOBRE EL AMOR Y EL DESAMOR/clip_0013.mp4,True,data/clips/CHARLA SOBRE EL AMOR Y EL DESAMOR/clip_0013.txt,True,True
CHARLA SOBRE EL AMOR Y EL DESAMOR,clip_0014,val,f04,100,las cosas estan saliendo bien y se los quiero agradecer si yo tuviera 5k de viewers igual estaria motivado,las cosas estan saliendo bien y se los quiero agradecer si yo tuviera 5k de viewers igual estaria motivado,las cosas estan saliendo bien y se los quiero agradecer si yo tuviera 5k de viewers igual estaria motivado,keep,0.88,0.0,0.0,,,keep_raw,,data/clips/CHARLA SOBRE EL AMOR Y EL DESAMOR/clip_0014.mp4,True,data/clips/CHARLA SOBRE EL AMOR Y EL DESAMOR/clip_0014.txt,True,True
CHARLA SOBRE EL AMOR Y EL DESAMOR,clip_0015,val,f04,100,igual diria gracias por mirarme,igual diria gracias por mirarme,igual diria gracias por mirarme,keep,0.88,0.0,0.0,,,keep_raw,,data/clips/CHARLA SOBRE EL AMOR Y EL DESAMOR/clip_0015.mp4,True,data/clips/CHARLA SOBRE EL AMOR Y EL DESAMOR/clip_0015.txt,True,True
CHARLA SOBRE EL AMOR Y EL DESAMOR,clip_0016,val,f04,150,porque yo agradecido por mas que sea 2 3 4 20 50 500 22000,porque yo agradecido por mas que sea 2 3 4 20 50 500 22000,porque yo agradecido por mas que sea 2 3 4 20 50 500 22000,keep,0.88,0.0,0.0,,,keep_raw,,data/clips/CHARLA SOBRE EL AMOR Y EL DESAMOR/clip_0016.mp4,True,data/clips/CHARLA SOBRE EL AMOR Y EL DESAMOR/clip_0016.txt,True,True
CHARLA SOBRE EL AMOR Y EL DESAMOR,clip_0017,val,f04,150,agraecido siempre pero vale destacar que en un momento critico porque es un momento critico para mi,agraecido siempre pero vale destacar que en un momento critico porque es un momento critico para mi,agradecido siempre pero vale destacar que en un momento critico porque es un momento critico para mi,corrected,0.99,0.005,0.0588,,,accept_correction,error ortografico evidente de transcripcion,data/clips/CHARLA SOBRE EL AMOR Y EL DESAMOR/clip_0017.mp4,True,data/clips/CHARLA SOBRE EL AMOR Y EL DESAMOR/clip_0017.txt,True,True
CHARLA SOBRE EL AMOR Y EL DESAMOR,clip_0018,val,f04,100,las cosas estan empezando a salir de nuevo despues de que llueve sale el sol,las cosas estan empezando a salir de nuevo despues de que llueve sale el sol,las cosas estan empezando a salir de nuevo despues de que llueve sale el sol,keep,0.88,0.0,0.0,,,keep_raw,,data/clips/CHARLA SOBRE EL AMOR Y EL DESAMOR/clip_0018.mp4,True,data/clips/CHARLA SOBRE EL AMOR Y EL DESAMOR/clip_0018.txt,True,True
CHARLA SOBRE EL AMOR Y EL DESAMOR,clip_0019,val,f04,75,ojo despues de que llueve sale el sol,ojo despues de que llueve sale el sol,ojo despues de que llueve sale el sol,keep,0.88,0.0,0.0,,,keep_raw,,data/clips/CHARLA SOBRE EL AMOR Y EL DESAMOR/clip_0019.mp4,True,data/clips/CHARLA SOBRE EL AMOR Y EL DESAMOR/clip_0019.txt,True,True
CHARLA SOBRE EL AMOR Y EL DESAMOR,clip_0020,val,f04,125,ahora solo me falta terminar el año ganando la velada enamorandome,ahora solo me falta terminar el año ganando la velada enamorandome,ahora solo me falta terminar el año ganando la velada enamorandome,keep,0.88,0.0,0.0,,,keep_raw,,data/clips/CHARLA SOBRE EL AMOR Y EL DESAMOR/clip_0020.mp4,True,data/clips/CHARLA SOBRE EL AMOR Y EL DESAMOR/clip_0020.txt,True,True
CHARLA SOBRE EL AMOR Y EL DESAMOR,clip_0021,val,f04,100,y eventualmente el año que viene planeando tener un hijo,y eventualmente el año que viene planeando tener un hijo,y eventualmente el año que viene planeando tener un hijo,keep,0.88,0.0,0.0,,,keep_raw,,data/clips/CHARLA SOBRE EL AMOR Y EL DESAMOR/clip_0021.mp4,True,data/clips/CHARLA SOBRE EL AMOR Y EL DESAMOR/clip_0021.txt,True,True
CHARLA SOBRE EL AMOR Y EL DESAMOR,clip_0022,val,f04,75,ya esta vida cumplida,ya esta vida cumplida,ya esta vida cumplida,keep,0.88,0.0,0.0,,,keep_raw,,data/clips/CHARLA SOBRE EL AMOR Y EL DESAMOR/clip_0022.mp4,True,data/clips/CHARLA SOBRE EL AMOR Y EL DESAMOR/clip_0022.txt,True,True
CHARLA SOBRE EL AMOR Y EL DESAMOR,clip_0023,val,f04,75,me doy vuelta el juego de la vida no quiero mas nada,me doy vuelta el juego de la vida no quiero mas nada,me doy vuelta el juego de la vida no quiero mas nada,keep,0.88,0.0,0.0,,,keep_raw,,data/clips/CHARLA SOBRE EL AMOR Y EL DESAMOR/clip_0023.mp4,True,data/clips/CHARLA SOBRE EL AMOR Y EL DESAMOR/clip_0023.txt,True,True
CHARLA SOBRE EL AMOR Y EL DESAMOR,clip_0024,val,f04,150,tres hijos tres o dos un chico y una chica un hijo y una hija minimo,tres hijos tres o dos un chico y una chica un hijo y una hija minimo,tres hijos tres o dos un chico y una chica un hijo y una hija minimo,keep,0.88,0.0,0.0,,,keep_raw,,data/clips/CHARLA SOBRE EL AMOR Y EL DESAMOR/clip_0024.mp4,True,data/clips/CHARLA SOBRE EL AMOR Y EL DESAMOR/clip_0024.txt,True,True
CHARLA SOBRE EL AMOR Y EL DESAMOR,clip_0025,val,f04,100,una novia que me ame que me valore que me quiera que me acompañe,una novia que me ame que me valore que me quiera que me acompañe,una novia que me ame que me valore que me quiera que me acompañe,keep,0.88,0.0,0.0,,,keep_raw,,data/clips/CHARLA SOBRE EL AMOR Y EL DESAMOR/clip_0025.mp4,True,data/clips/CHARLA SOBRE EL AMOR Y EL DESAMOR/clip_0025.txt,True,True
CHARLA SOBRE EL AMOR Y EL DESAMOR,clip_0026,val,f04,100,poder acompañarla yo que haga deporte pretensiones bajas no me importa lo demas,poder acompañarla yo que haga deporte pretensiones bajas no me importa lo demas,poder acompañarla yo que haga deporte pretensiones bajas no me importa lo demas,keep,0.88,0.0,0.0,,,keep_raw,,data/clips/CHARLA SOBRE EL AMOR Y EL DESAMOR/clip_0026.mp4,True,data/clips/CHARLA SOBRE EL AMOR Y EL DESAMOR/clip_0026.txt,True,True
CHARLA SOBRE EL AMOR Y EL DESAMOR,clip_0027,val,f04,75,que si el culo que es esto no me importa no me importa,que si el culo que es esto no me importa no me importa,que si el culo que es esto no me importa no me importa,keep,0.88,0.0,0.0,,,keep_raw,,data/clips/CHARLA SOBRE EL AMOR Y EL DESAMOR/clip_0027.mp4,True,data/clips/CHARLA SOBRE EL AMOR Y EL DESAMOR/clip_0027.txt,True,True
CHARLA SOBRE EL AMOR Y EL DESAMOR,clip_0028,val,f04,100,se tiene un culito lindo mejor mejor,se tiene un culito lindo mejor mejor,si tiene un culito lindo mejor mejor,corrected,0.95,0.0278,0.1429,insulto,,accept_correction,se tiene no funciona en contexto condicional,data/clips/CHARLA SOBRE EL AMOR Y EL DESAMOR/clip_0028.mp4,True,data/clips/CHARLA SOBRE EL AMOR Y EL DESAMOR/clip_0028.txt,True,True
CHARLA SOBRE EL AMOR Y EL DESAMOR,clip_0029,val,f04,75,pero yo prefiero que haga deporte que tenga culo,pero yo prefiero que haga deporte que tenga culo,pero yo prefiero que haga deporte que tenga culo,keep,0.88,0.0,0.0,,,keep_raw,,data/clips/CHARLA SOBRE EL AMOR Y EL DESAMOR/clip_0029.mp4,True,data/clips/CHARLA SOBRE EL AMOR Y EL DESAMOR/clip_0029.txt,True,True
CHARLA SOBRE EL AMOR Y EL DESAMOR,clip_0030,val,f04,75,el culo un año y te cansas te da igual,el culo un año y te cansas te da igual,el culo un año y te cansas te da igual,keep,0.88,0.0,0.0,,,keep_raw,,data/clips/CHARLA SOBRE EL AMOR Y EL DESAMOR/clip_0030.mp4,True,data/clips/CHARLA SOBRE EL AMOR Y EL DESAMOR/clip_0030.txt,True,True
CHARLA SOBRE EL AMOR Y EL DESAMOR,clip_0031,val,f04,75,pero que haga deporte ir a verla imaginante que juega el futbol,pero que haga deporte ir a verla imaginante que juega el futbol,pero que haga deporte ir a verla imaginate que juega el futbol,corrected,0.98,0.008,0.0833,,,accept_correction,imaginante es error evidente por imaginate,data/clips/CHARLA SOBRE EL AMOR Y EL DESAMOR/clip_0031.mp4,True,data/clips/CHARLA SOBRE EL AMOR Y EL DESAMOR/clip_0031.txt,True,True
CHARLA SOBRE EL AMOR Y EL DESAMOR,clip_0032,val,f04,100,que juega el hockey la vas a ver gritar los goles la bancas,que juega el hockey la vas a ver gritar los goles la bancas,que juega el hockey la vas a ver gritar los goles la bancas,keep,0.88,0.0,0.0,,,keep_raw,,data/clips/CHARLA SOBRE EL AMOR Y EL DESAMOR/clip_0032.mp4,True,data/clips/CHARLA SOBRE EL AMOR Y EL DESAMOR/clip_0032.txt,True,True
CHARLA SOBRE EL AMOR Y EL DESAMOR,clip_0033,val,f04,75,si estas triste estas triste si estas feliz estas feliz con ella,si estas triste estas triste si estas feliz estas feliz con ella,si estas triste estas triste si estas feliz estas feliz con ella,keep,0.88,0.0,0.0,,,keep_raw,,data/clips/CHARLA SOBRE EL AMOR Y EL DESAMOR/clip_0033.mp4,True,data/clips/CHARLA SOBRE EL AMOR Y EL DESAMOR/clip_0033.txt,True,True
CHARLA SOBRE EL AMOR Y EL DESAMOR,clip_0034,val,f04,75,todos necesitamos amor,todos necesitamos amor,todos necesitamos amor,keep,0.88,0.0,0.0,,,keep_raw,,data/clips/CHARLA SOBRE EL AMOR Y EL DESAMOR/clip_0034.mp4,True,data/clips/CHARLA SOBRE EL AMOR Y EL DESAMOR/clip_0034.txt,True,True
CHARLA SOBRE EL AMOR Y EL DESAMOR,clip_0035,val,f04,75,que el amor es lo mas lindo que hay lo mas lindo que hay,que el amor es lo mas lindo que hay lo mas lindo que hay,que el amor es lo mas lindo que hay lo mas lindo que hay,keep,0.88,0.0,0.0,,,keep_raw,,data/clips/CHARLA SOBRE EL AMOR Y EL DESAMOR/clip_0035.mp4,True,data/clips/CHARLA SOBRE EL AMOR Y EL DESAMOR/clip_0035.txt,True,True
CHARLA SOBRE EL AMOR Y EL DESAMOR,clip_0036,val,f04,75,no le tengan miedo al amor no hablan como hice este boludo,no le tengan miedo al amor no hablan como hice este boludo,no le tengan miedo al amor no hagan como hice este boludo,corrected,0.89,0.0261,0.0833,insulto|correccion_inferida,,accept_correction,hablan no encaja con la frase no hagan como hice,data/clips/CHARLA SOBRE EL AMOR Y EL DESAMOR/clip_0036.mp4,True,data/clips/CHARLA SOBRE EL AMOR Y EL DESAMOR/clip_0036.txt,True,True
CHARLA SOBRE EL AMOR Y EL DESAMOR,clip_0037,val,f04,175,no hablan como hice este boludo yo tenia desde los 16 a los 23 y medio que conocia a mi ex,no hablan como hice este boludo yo tenia desde los 16 a los 23 y medio que conocia a mi ex,no hagan como hice este boludo yo tenia desde los 16 a los 23 y medio que conocia a mi ex,corrected,0.86,0.0168,0.0476,insulto|numero|correccion_inferida,,accept_correction,hablan no encaja con la frase no hagan como hice,data/clips/CHARLA SOBRE EL AMOR Y EL DESAMOR/clip_0037.mp4,True,data/clips/CHARLA SOBRE EL AMOR Y EL DESAMOR/clip_0037.txt,True,True
CHARLA SOBRE EL AMOR Y EL DESAMOR,clip_0038,val,f04,125,desde los 16 a los 23 y medio yo pensaba que la vida era agarchar,desde los 16 a los 23 y medio yo pensaba que la vida era agarchar,desde los 16 a los 23 y medio yo pensaba que la vida era garchar,corrected,0.97,0.0078,0.0667,numero|jerga|insulto,,accept_correction,agarchar es error claro por garchar,data/clips/CHARLA SOBRE EL AMOR Y EL DESAMOR/clip_0038.mp4,True,data/clips/CHARLA SOBRE EL AMOR Y EL DESAMOR/clip_0038.txt,True,True
CHARLA SOBRE EL AMOR Y EL DESAMOR,clip_0039,val,f04,175,no piensen esa boludez algunos estamos destinados a amar y lo que nos gusta es amar,no piensen esa boludez algunos estamos destinados a amar y lo que nos gusta es amar,no piensen esa boludez algunos estamos destinados a amar y lo que nos gusta es amar,keep,0.88,0.0,0.0,,,keep_raw,,data/clips/CHARLA SOBRE EL AMOR Y EL DESAMOR/clip_0039.mp4,True,data/clips/CHARLA SOBRE EL AMOR Y EL DESAMOR/clip_0039.txt,True,True
CHARLA SOBRE EL AMOR Y EL DESAMOR,clip_0041,val,f04,100,y otros estan destinados a ir de flor en flor,y otros estan destinados a ir de flor en flor,y otros estan destinados a ir de flor en flor,keep,0.88,0.0,0.0,,,keep_raw,,data/clips/CHARLA SOBRE EL AMOR Y EL DESAMOR/clip_0041.mp4,True,data/clips/CHARLA SOBRE EL AMOR Y EL DESAMOR/clip_0041.txt,True,True
CHARLA SOBRE EL AMOR Y EL DESAMOR,clip_0042,val,f04,75,cada uno ve pero no se cierren,cada uno ve pero no se cierren,cada uno ve pero no se cierren,keep,0.88,0.0,0.0,,,keep_raw,,data/clips/CHARLA SOBRE EL AMOR Y EL DESAMOR/clip_0042.mp4,True,data/clips/CHARLA SOBRE EL AMOR Y EL DESAMOR/clip_0042.txt,True,True
CHARLA SOBRE EL AMOR Y EL DESAMOR,clip_0043,val,f04,100,hay que cogerse a todas hay que sacarle punta,hay que cogerse a todas hay que sacarle punta,hay que cogerse a todas hay que sacarle punta,keep,0.88,0.0,0.0,,,keep_raw,,data/clips/CHARLA SOBRE EL AMOR Y EL DESAMOR/clip_0043.mp4,True,data/clips/CHARLA SOBRE EL AMOR Y EL DESAMOR/clip_0043.txt,True,True
CHARLA SOBRE EL AMOR Y EL DESAMOR,clip_0044,val,f04,75,son mentiras hay que experimentar todo hay que probar,son mentiras hay que experimentar todo hay que probar,son mentiras hay que experimentar todo hay que probar,keep,0.88,0.0,0.0,,,keep_raw,,data/clips/CHARLA SOBRE EL AMOR Y EL DESAMOR/clip_0044.mp4,True,data/clips/CHARLA SOBRE EL AMOR Y EL DESAMOR/clip_0044.txt,True,True
CHARLA SOBRE EL AMOR Y EL DESAMOR,clip_0045,val,f04,75,hay que ver donde te sentis mejor,hay que ver donde te sentis mejor,hay que ver donde te sentis mejor,keep,0.88,0.0,0.0,,,keep_raw,,data/clips/CHARLA SOBRE EL AMOR Y EL DESAMOR/clip_0045.mp4,True,data/clips/CHARLA SOBRE EL AMOR Y EL DESAMOR/clip_0045.txt,True,True
CHARLA SOBRE EL AMOR Y EL DESAMOR,clip_0046,val,f04,75,pero no tengan miedo de enamorarse boludo no tengan miedo de enamorar,pero no tengan miedo de enamorarse boludo no tengan miedo de enamorar,pero no tengan miedo de enamorarse boludo no tengan miedo de enamorar,keep,0.88,0.0,0.0,,,keep_raw,,data/clips/CHARLA SOBRE EL AMOR Y EL DESAMOR/clip_0046.mp4,True,data/clips/CHARLA SOBRE EL AMOR Y EL DESAMOR/clip_0046.txt,True,True
CHARLA SOBRE EL AMOR Y EL DESAMOR,clip_0047,val,f04,125,el amor es lo mas lindo que hay asi como es lo mas lindo de lo que mas duele,el amor es lo mas lindo que hay asi como es lo mas lindo de lo que mas duele,el amor es lo mas lindo que hay asi como es lo mas lindo de lo que mas duele,keep,0.88,0.0,0.0,,,keep_raw,,data/clips/CHARLA SOBRE EL AMOR Y EL DESAMOR/clip_0047.mp4,True,data/clips/CHARLA SOBRE EL AMOR Y EL DESAMOR/clip_0047.txt,True,True
CHARLA SOBRE EL AMOR Y EL DESAMOR,clip_0048,val,f04,75,la van a pasar mal tambien la van a pasar como el or,la van a pasar mal tambien la van a pasar como el or,la van a pasar mal tambien la van a pasar como el orto,corrected,0.94,0.0189,0.0769,insulto,,accept_correction,el or es corte evidente de orto,data/clips/CHARLA SOBRE EL AMOR Y EL DESAMOR/clip_0048.mp4,True,data/clips/CHARLA SOBRE EL AMOR Y EL DESAMOR/clip_0048.txt,True,True
CHARLA SOBRE EL AMOR Y EL DESAMOR,clip_0049,val,f04,75,van a llorar van a sufrir van a extrañar por que,van a llorar van a sufrir van a extrañar por que,van a llorar van a sufrir van a extrañar por que,keep,0.88,0.0,0.0,,,keep_raw,,data/clips/CHARLA SOBRE EL AMOR Y EL DESAMOR/clip_0049.mp4,True,data/clips/CHARLA SOBRE EL AMOR Y EL DESAMOR/clip_0049.txt,True,True
CHARLA SOBRE EL AMOR Y EL DESAMOR,clip_0050,val,f04,125,porque lo bueno duele el futbol es hermoso por ejemplo,porque lo bueno duele el futbol es hermoso por ejemplo,porque lo bueno duele el futbol es hermoso por ejemplo,keep,0.88,0.0,0.0,,,keep_raw,,data/clips/CHARLA SOBRE EL AMOR Y EL DESAMOR/clip_0050.mp4,True,data/clips/CHARLA SOBRE EL AMOR Y EL DESAMOR/clip_0050.txt,True,True
CHARLA SOBRE EL AMOR Y EL DESAMOR,clip_0051,val,f04,125,una carrera de jugador de futbol lo que tiene de bueno y que todos queremos ser jugadores de futbol,una carrera de jugador de futbol lo que tiene de bueno y que todos queremos ser jugadores de futbol,una carrera de jugador de futbol lo que tiene de bueno y que todos queremos ser jugadores de futbol,keep,0.88,0.0,0.0,,,keep_raw,,data/clips/CHARLA SOBRE EL AMOR Y EL DESAMOR/clip_0051.mp4,True,data/clips/CHARLA SOBRE EL AMOR Y EL DESAMOR/clip_0051.txt,True,True
CHARLA SOBRE EL AMOR Y EL DESAMOR,clip_0052,val,f04,125,lo tiene de malo entonces para cada logro importante para cada anhelo importante,lo tiene de malo entonces para cada logro importante para cada anhelo importante,lo tiene de malo entonces para cada logro importante para cada anhelo importante,keep,0.88,0.0,0.0,,,keep_raw,,data/clips/CHARLA SOBRE EL AMOR Y EL DESAMOR/clip_0052.mp4,True,data/clips/CHARLA SOBRE EL AMOR Y EL DESAMOR/clip_0052.txt,True,True
CHARLA SOBRE EL AMOR Y EL DESAMOR,clip_0053,val,f04,75,lo importante como es amarte en una pareja en una relacion estable,lo importante como es amarte en una pareja en una relacion estable,lo importante como es amarte en una pareja en una relacion estable,keep,0.88,0.0,0.0,,,keep_raw,,data/clips/CHARLA SOBRE EL AMOR Y EL DESAMOR/clip_0053.mp4,True,data/clips/CHARLA SOBRE EL AMOR Y EL DESAMOR/clip_0053.txt,True,True
CHARLA SOBRE EL AMOR Y EL DESAMOR,clip_0054,val,f04,75,va a haber una contracara que es todo lo que tienes que luchar,va a haber una contracara que es todo lo que tienes que luchar,va a haber una contracara que es todo lo que tenes que luchar,corrected,0.91,0.0081,0.0769,correccion_inferida,,accept_correction,se normaliza a voseo consistente del hablante,data/clips/CHARLA SOBRE EL AMOR Y EL DESAMOR/clip_0054.mp4,True,data/clips/CHARLA SOBRE EL AMOR Y EL DESAMOR/clip_0054.txt,True,True
CHARLA SOBRE EL AMOR Y EL DESAMOR,clip_0055,val,f04,75,todo lo que tienes que sacrificar para poder tenerlo,todo lo que tienes que sacrificar para poder tenerlo,todo lo que tenes que sacrificar para poder tenerlo,corrected,0.91,0.0097,0.1111,correccion_inferida,,accept_correction,se normaliza a voseo consistente del hablante,data/clips/CHARLA SOBRE EL AMOR Y EL DESAMOR/clip_0055.mp4,True,data/clips/CHARLA SOBRE EL AMOR Y EL DESAMOR/clip_0055.txt,True,True
CHARLA SOBRE EL AMOR Y EL DESAMOR,clip_0056,val,f04,125,lo bueno es dur el objetivo ideal te va a costar,lo bueno es dur el objetivo ideal te va a costar,lo bueno es duro el objetivo ideal te va a costar,corrected,0.75,0.0103,0.0909,correccion_inferida,,accept_correction,dur parece corte de duro,data/clips/CHARLA SOBRE EL AMOR Y EL DESAMOR/clip_0056.mp4,True,data/clips/CHARLA SOBRE EL AMOR Y EL DESAMOR/clip_0056.txt,True,True
CHARLA SOBRE EL AMOR Y EL DESAMOR,clip_0057,val,f04,100,todo eso que anhelas y soñas si no te cuesta no vale nada,todo eso que anhelas y soñas si no te cuesta no vale nada,todo eso que anhelas y soñas si no te cuesta no vale nada,keep,0.88,0.0,0.0,,,keep_raw,,data/clips/CHARLA SOBRE EL AMOR Y EL DESAMOR/clip_0057.mp4,True,data/clips/CHARLA SOBRE EL AMOR Y EL DESAMOR/clip_0057.txt,True,True
CHARLA SOBRE EL AMOR Y EL DESAMOR,clip_0058,val,f04,150,y si cuesta mucho vale el triple por eso si se enamora metanle,y si cuesta mucho vale el triple por eso si se enamora metanle,y si cuesta mucho vale el triple por eso si se enamoran metanle,corrected,0.88,0.008,0.0769,correccion_inferida,,accept_correction,se enamora no concuerda con el destinatario plural,data/clips/CHARLA SOBRE EL AMOR Y EL DESAMOR/clip_0058.mp4,True,data/clips/CHARLA SOBRE EL AMOR Y EL DESAMOR/clip_0058.txt,True,True
CHARLA SOBRE EL AMOR Y EL DESAMOR,clip_0059,val,f04,75,no importa la edad yo antes pensaba no no tenes 18 no te enamores,no importa la edad yo antes pensaba no no tenes 18 no te enamores,no importa la edad yo antes pensaba no no tenes 18 no te enamores,keep,0.88,0.0,0.0,,,keep_raw,,data/clips/CHARLA SOBRE EL AMOR Y EL DESAMOR/clip_0059.mp4,True,data/clips/CHARLA SOBRE EL AMOR Y EL DESAMOR/clip_0059.txt,True,True
CHARLA SOBRE EL AMOR Y EL DESAMOR,clip_0060,val,f04,75,enamorarte lo 18 te quieres enamorar lo 18 no no no,enamorarte lo 18 te quieres enamorar lo 18 no no no,enamorarte a los 18 te queres enamorar a los 18 no no no,corrected,0.91,0.0654,0.3333,numero|cambio_grande|correccion_inferida,,reject_suggestion,lo 18 y quieres son errores claros por contexto,data/clips/CHARLA SOBRE EL AMOR Y EL DESAMOR/clip_0060.mp4,True,data/clips/CHARLA SOBRE EL AMOR Y EL DESAMOR/clip_0060.txt,True,True
CHARLA SOBRE EL AMOR Y EL DESAMOR,clip_0061,val,f04,75,te enamoras no es que te queres porque uno no elige te enamoras lo 18,te enamoras no es que te queres porque uno no elige te enamoras lo 18,te enamoras no es que te queres porque uno no elige te enamoras a los 18,corrected,0.9,0.0213,0.0968,numero|correccion_inferida,,accept_correction,lo 18 es error claro por a los 18,data/clips/CHARLA SOBRE EL AMOR Y EL DESAMOR/clip_0061.mp4,True,data/clips/CHARLA SOBRE EL AMOR Y EL DESAMOR/clip_0061.txt,True,True
CHARLA SOBRE EL AMOR Y EL DESAMOR,clip_0062,val,f04,75,mandale mandale cumbia,mandale mandale cumbia,mandale mandale cumbia,keep,0.88,0.0,0.0,,,keep_raw,,data/clips/CHARLA SOBRE EL AMOR Y EL DESAMOR/clip_0062.mp4,True,data/clips/CHARLA SOBRE EL AMOR Y EL DESAMOR/clip_0062.txt,True,True
CHARLA SOBRE EL AMOR Y EL DESAMOR,clip_0063,val,f04,75,que te vas a mentir a vos mismo de que no estas enamorado,que te vas a mentir a vos mismo de que no estas enamorado,que te vas a mentir a vos mismo de que no estas enamorado,keep,0.88,0.0,0.0,,,keep_raw,,data/clips/CHARLA SOBRE EL AMOR Y EL DESAMOR/clip_0063.mp4,True,data/clips/CHARLA SOBRE EL AMOR Y EL DESAMOR/clip_0063.txt,True,True
CHARLA SOBRE EL AMOR Y EL DESAMOR,clip_0064,val,f04,75,de que no queres amar estas loco,de que no queres amar estas loco,de que no queres amar estas loco,keep,0.88,0.0,0.0,,,keep_raw,,data/clips/CHARLA SOBRE EL AMOR Y EL DESAMOR/clip_0064.mp4,True,data/clips/CHARLA SOBRE EL AMOR Y EL DESAMOR/clip_0064.txt,True,True
CHARLA SOBRE EL AMOR Y EL DESAMOR,clip_0065,val,f04,75,te puedes enamorar de cualquier edad yo pensaba que no yo pensaba que no,te puedes enamorar de cualquier edad yo pensaba que no yo pensaba que no,te podes enamorar a cualquier edad yo pensaba que no yo pensaba que no,corrected,0.88,0.0423,0.1429,correccion_inferida,,accept_correction,puedes y de cualquier edad no son consistentes con voseo y construccion esperada,data/clips/CHARLA SOBRE EL AMOR Y EL DESAMOR/clip_0065.mp4,True,data/clips/CHARLA SOBRE EL AMOR Y EL DESAMOR/clip_0065.txt,True,True
CHARLA SOBRE EL AMOR Y EL DESAMOR,clip_0066,val,f04,75,yo pensaba no no no veo esta piba y listo,yo pensaba no no no veo esta piba y listo,yo pensaba no no no veo esta piba y listo,keep,0.88,0.0,0.0,,,keep_raw,,data/clips/CHARLA SOBRE EL AMOR Y EL DESAMOR/clip_0066.mp4,True,data/clips/CHARLA SOBRE EL AMOR Y EL DESAMOR/clip_0066.txt,True,True
CHARLA SOBRE EL AMOR Y EL DESAMOR,clip_0067,val,f04,100,no la veo mas mira si me engancho y no puedo estar con tal otra,no la veo mas mira si me engancho y no puedo estar con tal otra,no la veo mas mira si me engancho y no puedo estar con tal otra,keep,0.88,0.0,0.0,,,keep_raw,,data/clips/CHARLA SOBRE EL AMOR Y EL DESAMOR/clip_0067.mp4,True,data/clips/CHARLA SOBRE EL AMOR Y EL DESAMOR/clip_0067.txt,True,True
CHARLA SOBRE EL AMOR Y EL DESAMOR,clip_0068,val,f04,100,que haces que haces para que te sirve estar con este y con esta,que haces que haces para que te sirve estar con este y con esta,que haces que haces para que te sirve estar con este y con esta,keep,0.88,0.0,0.0,,,keep_raw,,data/clips/CHARLA SOBRE EL AMOR Y EL DESAMOR/clip_0068.mp4,True,data/clips/CHARLA SOBRE EL AMOR Y EL DESAMOR/clip_0068.txt,True,True
CHARLA SOBRE EL AMOR Y EL DESAMOR,clip_0069,val,f04,125,y con este y con esta esa es la que nos cuentan que te cuentan para ser un macho alfa,y con este y con esta esa es la que nos cuentan que te cuentan para ser un macho alfa,y con este y con esta esa es la que nos cuentan que te cuentan para ser un macho alfa,keep,0.88,0.0,0.0,,,keep_raw,,data/clips/CHARLA SOBRE EL AMOR Y EL DESAMOR/clip_0069.mp4,True,data/clips/CHARLA SOBRE EL AMOR Y EL DESAMOR/clip_0069.txt,True,True
CHARLA SOBRE EL AMOR Y EL DESAMOR,clip_0070,val,f04,75,tiene que estar con 5 6 7 8 es mentira,tiene que estar con 5 6 7 8 es mentira,tenes que estar con 5 6 7 8 es mentira,corrected,0.87,0.0263,0.1,numero|correccion_inferida,,accept_correction,tiene no encaja con el discurso dirigido al oyente,data/clips/CHARLA SOBRE EL AMOR Y EL DESAMOR/clip_0070.mp4,True,data/clips/CHARLA SOBRE EL AMOR Y EL DESAMOR/clip_0070.txt,True,True
CHARLA SOBRE EL AMOR Y EL DESAMOR,clip_0071,val,f04,100,y a mi me encanta garchar como cualquier persona pero amigo estar de novio es otro level,y a mi me encanta garchar como cualquier persona pero amigo estar de novio es otro level,y a mi me encanta garchar como cualquier persona pero amigo estar de novio es otro level,keep,0.88,0.0,0.0,,,keep_raw,,data/clips/CHARLA SOBRE EL AMOR Y EL DESAMOR/clip_0071.mp4,True,data/clips/CHARLA SOBRE EL AMOR Y EL DESAMOR/clip_0071.txt,True,True
CHARLA SOBRE EL AMOR Y EL DESAMOR,clip_0072,val,f04,100,estar de novio es otro level despertarse todas las mañanas,estar de novio es otro level despertarse todas las mañanas,estar de novio es otro level despertarse todas las mañanas,keep,0.88,0.0,0.0,,,keep_raw,,data/clips/CHARLA SOBRE EL AMOR Y EL DESAMOR/clip_0072.mp4,True,data/clips/CHARLA SOBRE EL AMOR Y EL DESAMOR/clip_0072.txt,True,True
CHARLA SOBRE EL AMOR Y EL DESAMOR,clip_0074,val,f04,125,eso es otro punto level amigo tu casilla llena de mensajes,eso es otro punto level amigo tu casilla llena de mensajes,eso es otro puto level amigo tu casilla llena de mensajes,corrected,0.93,0.0087,0.0909,insulto|jerga,,accept_correction,punto es error claro por puto level en jerga oral,data/clips/CHARLA SOBRE EL AMOR Y EL DESAMOR/clip_0074.mp4,True,data/clips/CHARLA SOBRE EL AMOR Y EL DESAMOR/clip_0074.txt,True,True
CHARLA SOBRE EL AMOR Y EL DESAMOR,clip_0075,val,f04,100,ojala no porque esas cosas no pasan pero tu casilla tiene 7 mensajes,ojala no porque esas cosas no pasan pero tu casilla tiene 7 mensajes,ojala no porque esas cosas no pasan pero tu casilla tiene 7 mensajes,keep,0.88,0.0,0.0,,,keep_raw,,data/clips/CHARLA SOBRE EL AMOR Y EL DESAMOR/clip_0075.mp4,True,data/clips/CHARLA SOBRE EL AMOR Y EL DESAMOR/clip_0075.txt,True,True
CHARLA SOBRE EL AMOR Y EL DESAMOR,clip_0076,val,f04,75,vos queres leer uno solo a vos te importa uno solo,vos queres leer uno solo a vos te importa uno solo,vos queres leer uno solo a vos te importa uno solo,keep,0.88,0.0,0.0,,,keep_raw,,data/clips/CHARLA SOBRE EL AMOR Y EL DESAMOR/clip_0076.mp4,True,data/clips/CHARLA SOBRE EL AMOR Y EL DESAMOR/clip_0076.txt,True,True
CHARLA SOBRE EL AMOR Y EL DESAMOR,clip_0077,val,f04,100,cuando empezas la relacion a mi es la etapa de oro,cuando empezas la relacion a mi es la etapa de oro,cuando empezas la relacion a mi es la etapa de oro,keep,0.88,0.0,0.0,,,keep_raw,,data/clips/CHARLA SOBRE EL AMOR Y EL DESAMOR/clip_0077.mp4,True,data/clips/CHARLA SOBRE EL AMOR Y EL DESAMOR/clip_0077.txt,True,True
CHARLA SOBRE EL AMOR Y EL DESAMOR,clip_0078,val,f04,75,el primer año de relacion es la etapa de oro,el primer año de relacion es la etapa de oro,el primer año de relacion es la etapa de oro,keep,0.88,0.0,0.0,,,keep_raw,,data/clips/CHARLA SOBRE EL AMOR Y EL DESAMOR/clip_0078.mp4,True,data/clips/CHARLA SOBRE EL AMOR Y EL DESAMOR/clip_0078.txt,True,True
CHARLA SOBRE EL AMOR Y EL DESAMOR,clip_0079,val,f04,75,solo queres hablar con ella no la ves un dia la extrañas,solo queres hablar con ella no la ves un dia la extrañas,solo queres hablar con ella no la ves un dia la extrañas,keep,0.88,0.0,0.0,,,keep_raw,,data/clips/CHARLA SOBRE EL AMOR Y EL DESAMOR/clip_0079.mp4,True,data/clips/CHARLA SOBRE EL AMOR Y EL DESAMOR/clip_0079.txt,True,True
CHARLA SOBRE EL AMOR Y EL DESAMOR,clip_0080,val,f04,125,se llega a ir de viaje y vas a estar todos los dias todos los dias,se llega a ir de viaje y vas a estar todos los dias todos los dias,se llega a ir de viaje y vas a estar todos los dias todos los dias,keep,0.88,0.0,0.0,,,keep_raw,,data/clips/CHARLA SOBRE EL AMOR Y EL DESAMOR/clip_0080.mp4,True,data/clips/CHARLA SOBRE EL AMOR Y EL DESAMOR/clip_0080.txt,True,True
CHARLA SOBRE EL AMOR Y EL DESAMOR,clip_0081,val,f04,100,comiendote las uñas intentando no ser pesado pero estar para ella,comiendote las uñas intentando no ser pesado pero estar para ella,comiendote las uñas intentando no ser pesado pero estar para ella,keep,0.88,0.0,0.0,,,keep_raw,,data/clips/CHARLA SOBRE EL AMOR Y EL DESAMOR/clip_0081.mp4,True,data/clips/CHARLA SOBRE EL AMOR Y EL DESAMOR/clip_0081.txt,True,True
CHARLA SOBRE EL AMOR Y EL DESAMOR,clip_0082,val,f04,75,llamandola pero sin romperle las pelotas y sin cagarle el viaje,llamandola pero sin romperle las pelotas y sin cagarle el viaje,llamandola pero sin romperle las pelotas y sin cagarle el viaje,keep,0.88,0.0,0.0,,,keep_raw,,data/clips/CHARLA SOBRE EL AMOR Y EL DESAMOR/clip_0082.mp4,True,data/clips/CHARLA SOBRE EL AMOR Y EL DESAMOR/clip_0082.txt,True,True
CHARLA SOBRE EL AMOR Y EL DESAMOR,clip_0083,val,f04,75,te vuelves loco para bien loco te enamoras,te vuelves loco para bien loco te enamoras,te volves loco para bien loco te enamoras,corrected,0.9,0.0361,0.125,correccion_inferida,,accept_correction,se normaliza a voseo consistente del hablante,data/clips/CHARLA SOBRE EL AMOR Y EL DESAMOR/clip_0083.mp4,True,data/clips/CHARLA SOBRE EL AMOR Y EL DESAMOR/clip_0083.txt,True,True
CHARLA SOBRE EL AMOR Y EL DESAMOR,clip_0085,val,f04,75,despues yo tengo una teoria de que las relaciones en general,despues yo tengo una teoria de que las relaciones en general,despues yo tengo una teoria de que las relaciones en general,keep,0.88,0.0,0.0,,,keep_raw,,data/clips/CHARLA SOBRE EL AMOR Y EL DESAMOR/clip_0085.mp4,True,data/clips/CHARLA SOBRE EL AMOR Y EL DESAMOR/clip_0085.txt,True,True
CHARLA SOBRE EL AMOR Y EL DESAMOR,clip_0086,val,f04,125,se desgastan y que uno no puede hacer nada mas que ir mutando la relacion,se desgastan y que uno no puede hacer nada mas que ir mutando la relacion,se desgastan y que uno no puede hacer nada mas que ir mutando la relacion,keep,0.88,0.0,0.0,,,keep_raw,,data/clips/CHARLA SOBRE EL AMOR Y EL DESAMOR/clip_0086.mp4,True,data/clips/CHARLA SOBRE EL AMOR Y EL DESAMOR/clip_0086.txt,True,True
CHARLA SOBRE EL AMOR Y EL DESAMOR,clip_0087,val,f04,75,y convirtiendola en lo que tenga que ser para que sobreviva,y convirtiendola en lo que tenga que ser para que sobreviva,y convirtiendola en lo que tenga que ser para que sobreviva,keep,0.88,0.0,0.0,,,keep_raw,,data/clips/CHARLA SOBRE EL AMOR Y EL DESAMOR/clip_0087.mp4,True,data/clips/CHARLA SOBRE EL AMOR Y EL DESAMOR/clip_0087.txt,True,True
CHARLA SOBRE EL AMOR Y EL DESAMOR,clip_0089,val,f04,75,lo que se disfruta mucho humo dice uno,lo que se disfruta mucho humo dice uno,lo que se disfruta mucho humo dice uno,keep,0.88,0.0,0.0,,,keep_raw,,data/clips/CHARLA SOBRE EL AMOR Y EL DESAMOR/clip_0089.mp4,True,data/clips/CHARLA SOBRE EL AMOR Y EL DESAMOR/clip_0089.txt,True,True
CHARLA SOBRE EL AMOR Y EL DESAMOR,clip_0090,val,f04,75,mucho humo no mucho humo no,mucho humo no mucho humo no,mucho humo no mucho humo no,keep,0.88,0.0,0.0,,,keep_raw,,data/clips/CHARLA SOBRE EL AMOR Y EL DESAMOR/clip_0090.mp4,True,data/clips/CHARLA SOBRE EL AMOR Y EL DESAMOR/clip_0090.txt,True,True
CHARLA SOBRE EL AMOR Y EL DESAMOR,clip_0091,val,f04,100,te lo digo de corazon cierro la charla del amor para eso el amor es lo mas lindo que hay,te lo digo de corazon cierro la charla del amor para eso el amor es lo mas lindo que hay,te lo digo de corazon cierro la charla del amor para eso el amor es lo mas lindo que hay,uncertain,0.45,0.0,0.0,correccion_inferida,,reject_suggestion,posible error en para eso pero no hay confianza suficiente,data/clips/CHARLA SOBRE EL AMOR Y EL DESAMOR/clip_0091.mp4,True,data/clips/CHARLA SOBRE EL AMOR Y EL DESAMOR/clip_0091.txt,True,True
CHARLA SOBRE EL AMOR Y EL DESAMOR,clip_0092,val,f04,75,mi orden de cosas es dormir,mi orden de cosas es dormir,mi orden de cosas es dormir,keep,0.88,0.0,0.0,,,keep_raw,,data/clips/CHARLA SOBRE EL AMOR Y EL DESAMOR/clip_0092.mp4,True,data/clips/CHARLA SOBRE EL AMOR Y EL DESAMOR/clip_0092.txt,True,True
CHARLA SOBRE EL AMOR Y EL DESAMOR,clip_0093,val,f04,150,hacer el amor comer cagar y coger,hacer el amor comer cagar y coger,hacer el amor comer cagar y coger,keep,0.88,0.0,0.0,,,keep_raw,,data/clips/CHARLA SOBRE EL AMOR Y EL DESAMOR/clip_0093.mp4,True,data/clips/CHARLA SOBRE EL AMOR Y EL DESAMOR/clip_0093.txt,True,True
CHARLA SOBRE EL AMOR Y EL DESAMOR,clip_0094,val,f04,75,porque hacer el amor y coger no es lo mismo,porque hacer el amor y coger no es lo mismo,porque hacer el amor y coger no es lo mismo,keep,0.88,0.0,0.0,,,keep_raw,,data/clips/CHARLA SOBRE EL AMOR Y EL DESAMOR/clip_0094.mp4,True,data/clips/CHARLA SOBRE EL AMOR Y EL DESAMOR/clip_0094.txt,True,True
CHARLA SOBRE EL AMOR Y EL DESAMOR,clip_0096,val,f04,75,si vos no amas a la otra persona no vas a poder hacer el del amor se lo juro,si vos no amas a la otra persona no vas a poder hacer el del amor se lo juro,si vos no amas a la otra persona no vas a poder hacer el amor se lo juro,corrected,0.96,0.027,0.027,,,accept_correction,el del amor es error evidente,data/clips/CHARLA SOBRE EL AMOR Y EL DESAMOR/clip_0096.mp4,True,data/clips/CHARLA SOBRE EL AMOR Y EL DESAMOR/clip_0096.txt,True,True
CHARLA SOBRE EL AMOR Y EL DESAMOR,clip_0097,val,f04,100,bueno segun mi teoria eh segun mi teoria hay gente que dice,bueno segun mi teoria eh segun mi teoria hay gente que dice,bueno segun mi teoria eh segun mi teoria hay gente que dice,keep,0.88,0.0,0.0,,,keep_raw,,data/clips/CHARLA SOBRE EL AMOR Y EL DESAMOR/clip_0097.mp4,True,data/clips/CHARLA SOBRE EL AMOR Y EL DESAMOR/clip_0097.txt,True,True
CHARLA SOBRE EL AMOR Y EL DESAMOR,clip_0098,val,f04,100,yo puedo hacer el amor aunque aunque yo puedo hacer el amor con alguien,yo puedo hacer el amor aunque aunque yo puedo hacer el amor con alguien,yo puedo hacer el amor aunque aunque yo puedo hacer el amor con alguien,keep,0.88,0.0,0.0,,,keep_raw,,data/clips/CHARLA SOBRE EL AMOR Y EL DESAMOR/clip_0098.mp4,True,data/clips/CHARLA SOBRE EL AMOR Y EL DESAMOR/clip_0098.txt,True,True
CHARLA SOBRE EL AMOR Y EL DESAMOR,clip_0099,val,f04,75,aunque sea la primera vez que lo veo mentira,aunque sea la primera vez que lo veo mentira,aunque sea la primera vez que lo veo mentira,keep,0.88,0.0,0.0,,,keep_raw,,data/clips/CHARLA SOBRE EL AMOR Y EL DESAMOR/clip_0099.mp4,True,data/clips/CHARLA SOBRE EL AMOR Y EL DESAMOR/clip_0099.txt,True,True
CHARLA SOBRE EL AMOR Y EL DESAMOR,clip_0100,val,f04,100,para mi mentira para hacer el amor tenes que sentir amor,para mi mentira para hacer el amor tenes que sentir amor,para mi mentira para hacer el amor tenes que sentir amor,keep,0.88,0.0,0.0,,,keep_raw,,data/clips/CHARLA SOBRE EL AMOR Y EL DESAMOR/clip_0100.mp4,True,data/clips/CHARLA SOBRE EL AMOR Y EL DESAMOR/clip_0100.txt,True,True
CHARLA SOBRE EL AMOR Y EL DESAMOR,clip_0101,val,f04,75,imposible si no por eso en mi ranking lo vuelvo a decir,imposible si no por eso en mi ranking lo vuelvo a decir,imposible si no por eso en mi ranking lo vuelvo a decir,keep,0.88,0.0,0.0,,,keep_raw,,data/clips/CHARLA SOBRE EL AMOR Y EL DESAMOR/clip_0101.mp4,True,data/clips/CHARLA SOBRE EL AMOR Y EL DESAMOR/clip_0101.txt,True,True
CHARLA SOBRE EL AMOR Y EL DESAMOR,clip_0102,val,f04,100,cagar vale mas que coger cagar vale mas que coger,cagar vale mas que coger cagar vale mas que coger,cagar vale mas que coger cagar vale mas que coger,keep,0.88,0.0,0.0,,,keep_raw,,data/clips/CHARLA SOBRE EL AMOR Y EL DESAMOR/clip_0102.mp4,True,data/clips/CHARLA SOBRE EL AMOR Y EL DESAMOR/clip_0102.txt,True,True
CHARLA SOBRE EL AMOR Y EL DESAMOR,clip_0103,val,f04,100,coger esta super sobrevalorado hacer el amor es otro level,coger esta super sobrevalorado hacer el amor es otro level,coger esta super sobrevalorado hacer el amor es otro level,keep,0.88,0.0,0.0,,,keep_raw,,data/clips/CHARLA SOBRE EL AMOR Y EL DESAMOR/clip_0103.mp4,True,data/clips/CHARLA SOBRE EL AMOR Y EL DESAMOR/clip_0103.txt,True,True
CHARLA SOBRE EL AMOR Y EL DESAMOR,clip_0104,val,f04,100,eso si que vale eso si que vale y la paja uff es que la paja,eso si que vale eso si que vale y la paja uff es que la paja,eso si que vale eso si que vale y la paja uff es que la paja,keep,0.88,0.0,0.0,,,keep_raw,,data/clips/CHARLA SOBRE EL AMOR Y EL DESAMOR/clip_0104.mp4,True,data/clips/CHARLA SOBRE EL AMOR Y EL DESAMOR/clip_0104.txt,True,True
CHARLA SOBRE EL AMOR Y EL DESAMOR,clip_0105,val,f04,100,la paja top 3 si o si la paja top 3 si o si,la paja top 3 si o si la paja top 3 si o si,la paja top 3 si o si la paja top 3 si o si,keep,0.88,0.0,0.0,,,keep_raw,,data/clips/CHARLA SOBRE EL AMOR Y EL DESAMOR/clip_0105.mp4,True,data/clips/CHARLA SOBRE EL AMOR Y EL DESAMOR/clip_0105.txt,True,True
CHARLA SOBRE EL AMOR Y EL DESAMOR,clip_0106,val,f04,100,y lo ultimo que voy a decir porque hay muchos que estan poniendo que despues te rompen el corazon,y lo ultimo que voy a decir porque hay muchos que estan poniendo que despues te rompen el corazon,y lo ultimo que voy a decir porque hay muchos que estan poniendo que despues te rompen el corazon,keep,0.88,0.0,0.0,,,keep_raw,,data/clips/CHARLA SOBRE EL AMOR Y EL DESAMOR/clip_0106.mp4,True,data/clips/CHARLA SOBRE EL AMOR Y EL DESAMOR/clip_0106.txt,True,True
CHARLA SOBRE EL AMOR Y EL DESAMOR,clip_0107,val,f04,75,y que el amor trae una catastrofe,y que el amor trae una catastrofe,y que el amor trae una catastrofe,keep,0.88,0.0,0.0,,,keep_raw,,data/clips/CHARLA SOBRE EL AMOR Y EL DESAMOR/clip_0107.mp4,True,data/clips/CHARLA SOBRE EL AMOR Y EL DESAMOR/clip_0107.txt,True,True
CHARLA SOBRE EL AMOR Y EL DESAMOR,clip_0108,val,f04,100,sabes que pasa otro de mis mejores momentos fue cuando me rompieron el corazon,sabes que pasa otro de mis mejores momentos fue cuando me rompieron el corazon,sabes que pasa otro de mis mejores momentos fue cuando me rompieron el corazon,keep,0.88,0.0,0.0,,,keep_raw,,data/clips/CHARLA SOBRE EL AMOR Y EL DESAMOR/clip_0108.mp4,True,data/clips/CHARLA SOBRE EL AMOR Y EL DESAMOR/clip_0108.txt,True,True
CHARLA SOBRE EL AMOR Y EL DESAMOR,clip_0109,val,f04,75,a mi me rompieron el corazon y yo tuve otra de las mejores epocas de mi vida,a mi me rompieron el corazon y yo tuve otra de las mejores epocas de mi vida,a mi me rompieron el corazon y yo tuve otra de las mejores epocas de mi vida,keep,0.88,0.0,0.0,,,keep_raw,,data/clips/CHARLA SOBRE EL AMOR Y EL DESAMOR/clip_0109.mp4,True,data/clips/CHARLA SOBRE EL AMOR Y EL DESAMOR/clip_0109.txt,True,True
CHARLA SOBRE EL AMOR Y EL DESAMOR,clip_0110,val,f04,125,que saben cual fue la de recuperacion la de superacion,que saben cual fue la de recuperacion la de superacion,que saben cual fue la de recuperacion la de superacion,keep,0.88,0.0,0.0,,,keep_raw,,data/clips/CHARLA SOBRE EL AMOR Y EL DESAMOR/clip_0110.mp4,True,data/clips/CHARLA SOBRE EL AMOR Y EL DESAMOR/clip_0110.txt,True,True
CHARLA SOBRE EL AMOR Y EL DESAMOR,clip_0111,val,f04,100,la de amarse a uno mismo,la de amarse a uno mismo,la de amarse a uno mismo,keep,0.88,0.0,0.0,,,keep_raw,,data/clips/CHARLA SOBRE EL AMOR Y EL DESAMOR/clip_0111.mp4,True,data/clips/CHARLA SOBRE EL AMOR Y EL DESAMOR/clip_0111.txt,True,True
CHARLA SOBRE EL AMOR Y EL DESAMOR,clip_0112,val,f04,125,os amas amas amas amas amas amas de golpe esa persona,os amas amas amas amas amas amas de golpe esa persona,vos amas amas amas amas amas amas de golpe esa persona,corrected,0.95,0.0093,0.0909,repeticion,,accept_correction,os amas es error claro por vos amas,data/clips/CHARLA SOBRE EL AMOR Y EL DESAMOR/clip_0112.mp4,True,data/clips/CHARLA SOBRE EL AMOR Y EL DESAMOR/clip_0112.txt,True,True
CHARLA SOBRE EL AMOR Y EL DESAMOR,clip_0113,val,f04,100,se va se va,se va se va,se va se va,keep,0.88,0.0,0.0,,,keep_raw,,data/clips/CHARLA SOBRE EL AMOR Y EL DESAMOR/clip_0113.mp4,True,data/clips/CHARLA SOBRE EL AMOR Y EL DESAMOR/clip_0113.txt,True,True
CHARLA SOBRE EL AMOR Y EL DESAMOR,clip_0114,val,f04,75,y todo ese amor que vos estabamos dando,y todo ese amor que vos estabamos dando,y todo ese amor que vos estabas dando,corrected,0.94,0.0263,0.125,correccion_inferida,,accept_correction,estabamos no concuerda con vos,data/clips/CHARLA SOBRE EL AMOR Y EL DESAMOR/clip_0114.mp4,True,data/clips/CHARLA SOBRE EL AMOR Y EL DESAMOR/clip_0114.txt,True,True
CHARLA SOBRE EL AMOR Y EL DESAMOR,clip_0115,val,f04,125,hace asi no sabe a donde ir no sabe a donde ir,hace asi no sabe a donde ir no sabe a donde ir,hace asi no sabe a donde ir no sabe a donde ir,keep,0.88,0.0,0.0,,,keep_raw,,data/clips/CHARLA SOBRE EL AMOR Y EL DESAMOR/clip_0115.mp4,True,data/clips/CHARLA SOBRE EL AMOR Y EL DESAMOR/clip_0115.txt,True,True
CHARLA SOBRE EL AMOR Y EL DESAMOR,clip_0116,val,f04,100,porque vos lo queres dar no te lo queres dar vos mismo vos te odias vos te odias,porque vos lo queres dar no te lo queres dar vos mismo vos te odias vos te odias,porque vos lo queres dar no te lo queres dar vos mismo vos te odias vos te odias,keep,0.88,0.0,0.0,,,keep_raw,,data/clips/CHARLA SOBRE EL AMOR Y EL DESAMOR/clip_0116.mp4,True,data/clips/CHARLA SOBRE EL AMOR Y EL DESAMOR/clip_0116.txt,True,True
CHARLA SOBRE EL AMOR Y EL DESAMOR,clip_0118,val,f04,75,y empezas por que se fue,y empezas por que se fue,y empezas por que se fue,keep,0.88,0.0,0.0,,,keep_raw,,data/clips/CHARLA SOBRE EL AMOR Y EL DESAMOR/clip_0118.mp4,True,data/clips/CHARLA SOBRE EL AMOR Y EL DESAMOR/clip_0118.txt,True,True
CHARLA SOBRE EL AMOR Y EL DESAMOR,clip_0119,val,f04,100,como no valora como no,como no valora como no,como no me valora como no,corrected,0.78,0.0638,0.0909,correccion_inferida,,accept_correction,falta me en la serie de preguntas personales del contexto,data/clips/CHARLA SOBRE EL AMOR Y EL DESAMOR/clip_0119.mp4,True,data/clips/CHARLA SOBRE EL AMOR Y EL DESAMOR/clip_0119.txt,True,True
CHARLA SOBRE EL AMOR Y EL DESAMOR,clip_0120,val,f04,100,como no me quiere como no se quiere quedar conmigo,como no me quiere como no se quiere quedar conmigo,como no me quiere como no se quiere quedar conmigo,keep,0.88,0.0,0.0,,,keep_raw,,data/clips/CHARLA SOBRE EL AMOR Y EL DESAMOR/clip_0120.mp4,True,data/clips/CHARLA SOBRE EL AMOR Y EL DESAMOR/clip_0120.txt,True,True
CHARLA SOBRE EL AMOR Y EL DESAMOR,clip_0121,val,f04,100,como no como no esta aca,como no como no esta aca,como no como no esta aca,keep,0.88,0.0,0.0,,,keep_raw,,data/clips/CHARLA SOBRE EL AMOR Y EL DESAMOR/clip_0121.mp4,True,data/clips/CHARLA SOBRE EL AMOR Y EL DESAMOR/clip_0121.txt,True,True
CHARLA SOBRE EL AMOR Y EL DESAMOR,clip_0122,val,f04,125,entonces todo ese amor que vos dabas y dabas y dabas todo ese amor,entonces todo ese amor que vos dabas y dabas y dabas todo ese amor,entonces todo ese amor que vos dabas y dabas y dabas todo ese amor,keep,0.88,0.0,0.0,,,keep_raw,,data/clips/CHARLA SOBRE EL AMOR Y EL DESAMOR/clip_0122.mp4,True,data/clips/CHARLA SOBRE EL AMOR Y EL DESAMOR/clip_0122.txt,True,True
CHARLA SOBRE EL AMOR Y EL DESAMOR,clip_0123,val,f04,125,la interferencia todo ese amor que vos dabas y dabas y dabas no va a ningun lado,la interferencia todo ese amor que vos dabas y dabas y dabas no va a ningun lado,la interferencia todo ese amor que vos dabas y dabas y dabas no va a ningun lado,uncertain,0.38,0.0,0.0,correccion_inferida|posible_alucinacion,,reject_suggestion,interferencia suena sospechoso pero no hay alternativa segura,data/clips/CHARLA SOBRE EL AMOR Y EL DESAMOR/clip_0123.mp4,True,data/clips/CHARLA SOBRE EL AMOR Y EL DESAMOR/clip_0123.txt,True,True
CHARLA SOBRE EL AMOR Y EL DESAMOR,clip_0124,val,f04,100,porque ya no hay nadie aqui a andar de amor pero que pasa,porque ya no hay nadie aqui a andar de amor pero que pasa,porque ya no hay nadie a quien darle amor pero que pasa,corrected,0.86,0.0893,0.2,cambio_grande|correccion_inferida,,reject_suggestion,aqui a andar de amor no encaja y a quien darle amor es la lectura coherente,data/clips/CHARLA SOBRE EL AMOR Y EL DESAMOR/clip_0124.mp4,True,data/clips/CHARLA SOBRE EL AMOR Y EL DESAMOR/clip_0124.txt,True,True
CHARLA SOBRE EL AMOR Y EL DESAMOR,clip_0125,val,f04,100,depresion estas mal no sali de tu casa,depresion estas mal no sali de tu casa,depresion estas mal no salis de tu casa,corrected,0.92,0.013,0.125,correccion_inferida,,accept_correction,sali debe ser salis por voseo y contexto,data/clips/CHARLA SOBRE EL AMOR Y EL DESAMOR/clip_0125.mp4,True,data/clips/CHARLA SOBRE EL AMOR Y EL DESAMOR/clip_0125.txt,True,True
CHARLA SOBRE EL AMOR Y EL DESAMOR,clip_0126,val,f04,75,tenes barba te queres en las pelas en la chota,tenes barba te queres en las pelas en la chota,tenes barba te queres en las pelas en la chota,uncertain,0.3,0.0,0.0,insulto|posible_alucinacion|requiere_video,,reject_suggestion,hay errores probables en esta frase pero no hay confianza suficiente,data/clips/CHARLA SOBRE EL AMOR Y EL DESAMOR/clip_0126.mp4,True,data/clips/CHARLA SOBRE EL AMOR Y EL DESAMOR/clip_0126.txt,True,True
CHARLA SOBRE EL AMOR Y EL DESAMOR,clip_0127,val,f04,75,normal te sentis triste te sentis mal,normal te sentis triste te sentis mal,normal te sentis triste te sentis mal,keep,0.88,0.0,0.0,,,keep_raw,,data/clips/CHARLA SOBRE EL AMOR Y EL DESAMOR/clip_0127.mp4,True,data/clips/CHARLA SOBRE EL AMOR Y EL DESAMOR/clip_0127.txt,True,True
CHARLA SOBRE EL AMOR Y EL DESAMOR,clip_0128,val,f04,75,hasta aqui un dia haces el clic,hasta aqui un dia haces el clic,hasta que un dia haces el clic,corrected,0.96,0.0492,0.1429,,,accept_correction,hasta aqui es error claro por hasta que,data/clips/CHARLA SOBRE EL AMOR Y EL DESAMOR/clip_0128.mp4,True,data/clips/CHARLA SOBRE EL AMOR Y EL DESAMOR/clip_0128.txt,True,True
CHARLA SOBRE EL AMOR Y EL DESAMOR,clip_0129,val,f04,75,y eso es lo importante de cuando termine una relacion mucho me viene a preguntar aca,y eso es lo importante de cuando termine una relacion mucho me viene a preguntar aca,y eso es lo importante de cuando termina una relacion muchos me vienen a preguntar aca,corrected,0.83,0.0235,0.1875,cambio_grande|correccion_inferida,,reject_suggestion,termina y muchos encajan con la construccion del contexto,data/clips/CHARLA SOBRE EL AMOR Y EL DESAMOR/clip_0129.mp4,True,data/clips/CHARLA SOBRE EL AMOR Y EL DESAMOR/clip_0129.txt,True,True
CHARLA SOBRE EL AMOR Y EL DESAMOR,clip_0130,val,f04,125,corte con mi novia estoy remal se que es una catastrofe pero despues de la catastrofe,corte con mi novia estoy remal se que es una catastrofe pero despues de la catastrofe,corte con mi novia estoy remal se que es una catastrofe pero despues de la catastrofe,keep,0.88,0.0,0.0,,,keep_raw,,data/clips/CHARLA SOBRE EL AMOR Y EL DESAMOR/clip_0130.mp4,True,data/clips/CHARLA SOBRE EL AMOR Y EL DESAMOR/clip_0130.txt,True,True
CHARLA SOBRE EL AMOR Y EL DESAMOR,clip_0131,val,f04,75,viene una etapa increible para nosotros,viene una etapa increible para nosotros,viene una etapa increible para nosotros,keep,0.88,0.0,0.0,,,keep_raw,,data/clips/CHARLA SOBRE EL AMOR Y EL DESAMOR/clip_0131.mp4,True,data/clips/CHARLA SOBRE EL AMOR Y EL DESAMOR/clip_0131.txt,True,True
CHARLA SOBRE EL AMOR Y EL DESAMOR,clip_0132,val,f04,100,saben cual es cuando hacemos el duelo,saben cual es cuando hacemos el duelo,saben cual es cuando hacemos el duelo,keep,0.88,0.0,0.0,,,keep_raw,,data/clips/CHARLA SOBRE EL AMOR Y EL DESAMOR/clip_0132.mp4,True,data/clips/CHARLA SOBRE EL AMOR Y EL DESAMOR/clip_0132.txt,True,True
CHARLA SOBRE EL AMOR Y EL DESAMOR,clip_0133,val,f04,75,cuando nos tomamos nuestro tiempo cuando lloramos lloramos lloramos,cuando nos tomamos nuestro tiempo cuando lloramos lloramos lloramos,cuando nos tomamos nuestro tiempo cuando lloramos lloramos lloramos,keep,0.88,0.0,0.0,,,keep_raw,,data/clips/CHARLA SOBRE EL AMOR Y EL DESAMOR/clip_0133.mp4,True,data/clips/CHARLA SOBRE EL AMOR Y EL DESAMOR/clip_0133.txt,True,True
CHARLA SOBRE EL AMOR Y EL DESAMOR,clip_0134,val,f04,75,y de golpe nos damos cuenta que todo ese amor,y de golpe nos damos cuenta que todo ese amor,y de golpe nos damos cuenta que todo ese amor,keep,0.88,0.0,0.0,,,keep_raw,,data/clips/CHARLA SOBRE EL AMOR Y EL DESAMOR/clip_0134.mp4,True,data/clips/CHARLA SOBRE EL AMOR Y EL DESAMOR/clip_0134.txt,True,True
CHARLA SOBRE EL AMOR Y EL DESAMOR,clip_0135,val,f04,100,que estabamos dando sigue ahi lo agarras lo agarras lo agarras,que estabamos dando sigue ahi lo agarras lo agarras lo agarras,que estabamos dando sigue ahi lo agarras lo agarras lo agarras,keep,0.88,0.0,0.0,,,keep_raw,,data/clips/CHARLA SOBRE EL AMOR Y EL DESAMOR/clip_0135.mp4,True,data/clips/CHARLA SOBRE EL AMOR Y EL DESAMOR/clip_0135.txt,True,True
CHARLA SOBRE EL AMOR Y EL DESAMOR,clip_0136,val,f04,100,lo agarras lo agarras lo agarras y te lo metes adentro,lo agarras lo agarras lo agarras y te lo metes adentro,lo agarras lo agarras lo agarras y te lo metes adentro,keep,0.88,0.0,0.0,,,keep_raw,,data/clips/CHARLA SOBRE EL AMOR Y EL DESAMOR/clip_0136.mp4,True,data/clips/CHARLA SOBRE EL AMOR Y EL DESAMOR/clip_0136.txt,True,True
CHARLA SOBRE EL AMOR Y EL DESAMOR,clip_0137,val,f04,125,y sabes que haces te juntas con los pibias te pones el bol corre corre corre,y sabes que haces te juntas con los pibias te pones el bol corre corre corre,y sabes que haces te juntas con los pibes a jugar futbol corres corres corres,corrected,0.88,0.1634,0.4839,cambio_grande|correccion_inferida|requiere_video,cambio_grande_detectado,reject_suggestion,pibias y bol son errores claros segun contexto y evidencia auxiliar,data/clips/CHARLA SOBRE EL AMOR Y EL DESAMOR/clip_0137.mp4,True,data/clips/CHARLA SOBRE EL AMOR Y EL DESAMOR/clip_0137.txt,True,True
CHARLA SOBRE EL AMOR Y EL DESAMOR,clip_0138,val,f04,75,vas al gimnasio te pones mejor te cuidas con las comidas,vas al gimnasio te pones mejor te cuidas con las comidas,vas al gimnasio te pones mejor te cuidas con las comidas,keep,0.88,0.0,0.0,,,keep_raw,,data/clips/CHARLA SOBRE EL AMOR Y EL DESAMOR/clip_0138.mp4,True,data/clips/CHARLA SOBRE EL AMOR Y EL DESAMOR/clip_0138.txt,True,True
CHARLA SOBRE EL AMOR Y EL DESAMOR,clip_0139,val,f04,125,empiezas a tomar un poco menos alcohol empiezas a dejar de voludiar saliendo todos los dias,empiezas a tomar un poco menos alcohol empiezas a dejar de voludiar saliendo todos los dias,empezas a tomar un poco menos alcohol empezas a dejar de boludear saliendo todos los dias,corrected,0.94,0.0333,0.1875,jerga|correccion_inferida,,accept_correction,voludiar es error claro por boludear y se mantiene voseo,data/clips/CHARLA SOBRE EL AMOR Y EL DESAMOR/clip_0139.mp4,True,data/clips/CHARLA SOBRE EL AMOR Y EL DESAMOR/clip_0139.txt,True,True
CHARLA SOBRE EL AMOR Y EL DESAMOR,clip_0140,val,f04,125,salir es una paron esta sobrevaloradisimo salir te empiezas a juntar con amigos,salir es una paron esta sobrevaloradisimo salir te empiezas a juntar con amigos,salir es una paja esta sobrevaloradisimo salir te empezas a juntar con amigos,corrected,0.91,0.0385,0.1538,jerga|correccion_inferida,,accept_correction,paron es error claro por paja en el contexto,data/clips/CHARLA SOBRE EL AMOR Y EL DESAMOR/clip_0140.mp4,True,data/clips/CHARLA SOBRE EL AMOR Y EL DESAMOR/clip_0140.txt,True,True
CHARLA SOBRE EL AMOR Y EL DESAMOR,clip_0141,val,f04,100,empiezas a repartir ese amor en toda la gente que sigue ahi,empiezas a repartir ese amor en toda la gente que sigue ahi,empezas a repartir ese amor en toda la gente que sigue ahi,corrected,0.91,0.0085,0.0833,correccion_inferida,,accept_correction,se normaliza a voseo consistente del hablante,data/clips/CHARLA SOBRE EL AMOR Y EL DESAMOR/clip_0141.mp4,True,data/clips/CHARLA SOBRE EL AMOR Y EL DESAMOR/clip_0141.txt,True,True
CHARLA SOBRE EL AMOR Y EL DESAMOR,clip_0142,val,f04,75,porque vos tenes una novia y yo te banco,porque vos tenes una novia y yo te banco,porque vos tenes una novia y yo te banco,keep,0.88,0.0,0.0,,,keep_raw,,data/clips/CHARLA SOBRE EL AMOR Y EL DESAMOR/clip_0142.mp4,True,data/clips/CHARLA SOBRE EL AMOR Y EL DESAMOR/clip_0142.txt,True,True
CHARLA SOBRE EL AMOR Y EL DESAMOR,clip_0143,val,f04,75,la novia te quita sin querer tiempo para tus amigos,la novia te quita sin querer tiempo para tus amigos,la novia te quita sin querer tiempo para tus amigos,keep,0.88,0.0,0.0,,,keep_raw,,data/clips/CHARLA SOBRE EL AMOR Y EL DESAMOR/clip_0143.mp4,True,data/clips/CHARLA SOBRE EL AMOR Y EL DESAMOR/clip_0143.txt,True,True
CHARLA SOBRE EL AMOR Y EL DESAMOR,clip_0144,val,f04,75,la novia te quita sin querer tiempo para tu vida,la novia te quita sin querer tiempo para tu vida,la novia te quita sin querer tiempo para tu vida,keep,0.88,0.0,0.0,,,keep_raw,,data/clips/CHARLA SOBRE EL AMOR Y EL DESAMOR/clip_0144.mp4,True,data/clips/CHARLA SOBRE EL AMOR Y EL DESAMOR/clip_0144.txt,True,True
CHARLA SOBRE EL AMOR Y EL DESAMOR,clip_0145,val,f04,100,para el gimnasio para no se jugar al futbol para hacer tu hobby lo que te gusta te lo quita,para el gimnasio para no se jugar al futbol para hacer tu hobby lo que te gusta te lo quita,para el gimnasio para no se jugar al futbol para hacer tu hobby lo que te gusta te lo quita,keep,0.88,0.0,0.0,,,keep_raw,,data/clips/CHARLA SOBRE EL AMOR Y EL DESAMOR/clip_0145.mp4,True,data/clips/CHARLA SOBRE EL AMOR Y EL DESAMOR/clip_0145.txt,True,True
CHARLA SOBRE EL AMOR Y EL DESAMOR,clip_0146,val,f04,100,por que porque vos queres pasar tiempo con ella esta buenisimo,por que porque vos queres pasar tiempo con ella esta buenisimo,por que porque vos queres pasar tiempo con ella esta buenisimo,keep,0.88,0.0,0.0,,,keep_raw,,data/clips/CHARLA SOBRE EL AMOR Y EL DESAMOR/clip_0146.mp4,True,data/clips/CHARLA SOBRE EL AMOR Y EL DESAMOR/clip_0146.txt,True,True
CHARLA SOBRE EL AMOR Y EL DESAMOR,clip_0147,val,f04,100,pero cuando esa persona se va se reparte la baraja de nuevo,pero cuando esa persona se va se reparte la baraja de nuevo,pero cuando esa persona se va se reparte la baraja de nuevo,keep,0.88,0.0,0.0,,,keep_raw,,data/clips/CHARLA SOBRE EL AMOR Y EL DESAMOR/clip_0147.mp4,True,data/clips/CHARLA SOBRE EL AMOR Y EL DESAMOR/clip_0147.txt,True,True
CHARLA SOBRE EL AMOR Y EL DESAMOR,clip_0148,val,f04,100,con una persona menos se fue tu amor hay una carta mas,con una persona menos se fue tu amor hay una carta mas,con una persona menos se fue tu amor hay una carta mas,keep,0.88,0.0,0.0,,,keep_raw,,data/clips/CHARLA SOBRE EL AMOR Y EL DESAMOR/clip_0148.mp4,True,data/clips/CHARLA SOBRE EL AMOR Y EL DESAMOR/clip_0148.txt,True,True
CHARLA SOBRE EL AMOR Y EL DESAMOR,clip_0150,val,f04,100,en todos los pibes que siguen ahi en todos tus amigos que te siguen mancando,en todos los pibes que siguen ahi en todos tus amigos que te siguen mancando,en todos los pibes que siguen ahi en todos tus amigos que te siguen bancando,corrected,0.98,0.0132,0.0667,jerga,,accept_correction,mancando es error evidente por bancando,data/clips/CHARLA SOBRE EL AMOR Y EL DESAMOR/clip_0150.mp4,True,data/clips/CHARLA SOBRE EL AMOR Y EL DESAMOR/clip_0150.txt,True,True
CHARLA SOBRE EL AMOR Y EL DESAMOR,clip_0151,val,f04,100,y en vez de decirle no no puedo ir a comer no no puedo ir a comer jorgeito,y en vez de decirle no no puedo ir a comer no no puedo ir a comer jorgeito,y en vez de decirle no no puedo ir a comer no no puedo ir a comer jorgito,corrected,0.86,0.0068,0.0556,nombre_propio|correccion_inferida,,reject_suggestion,jorgeito parece error por diminutivo jorgito,data/clips/CHARLA SOBRE EL AMOR Y EL DESAMOR/clip_0151.mp4,True,data/clips/CHARLA SOBRE EL AMOR Y EL DESAMOR/clip_0151.txt,True,True
CHARLA SOBRE EL AMOR Y EL DESAMOR,clip_0152,val,f04,100,porque tengo que quedarme viendo una peli con mi novia,porque tengo que quedarme viendo una peli con mi novia,porque tengo que quedarme viendo una peli con mi novia,keep,0.88,0.0,0.0,,,keep_raw,,data/clips/CHARLA SOBRE EL AMOR Y EL DESAMOR/clip_0152.mp4,True,data/clips/CHARLA SOBRE EL AMOR Y EL DESAMOR/clip_0152.txt,True,True
CHARLA SOBRE EL AMOR Y EL DESAMOR,clip_0153,val,f04,100,vamos a comer de nuevo vamos a comer,vamos a comer de nuevo vamos a comer,vamos a comer de nuevo vamos a comer,keep,0.88,0.0,0.0,,,keep_raw,,data/clips/CHARLA SOBRE EL AMOR Y EL DESAMOR/clip_0153.mp4,True,data/clips/CHARLA SOBRE EL AMOR Y EL DESAMOR/clip_0153.txt,True,True
CHARLA SOBRE EL AMOR Y EL DESAMOR,clip_0154,val,f04,100,vamos a comer dale vamos a comer amigo posta una de las mejores etapas,vamos a comer dale vamos a comer amigo posta una de las mejores etapas,vamos a comer dale vamos a comer amigo posta una de las mejores etapas,keep,0.88,0.0,0.0,,,keep_raw,,data/clips/CHARLA SOBRE EL AMOR Y EL DESAMOR/clip_0154.mp4,True,data/clips/CHARLA SOBRE EL AMOR Y EL DESAMOR/clip_0154.txt,True,True
CHARLA SOBRE EL AMOR Y EL DESAMOR,clip_0155,val,f04,100,que tuve yo fue cuando termine mi relacion y tenia tiempo,que tuve yo fue cuando termine mi relacion y tenia tiempo,que tuve yo fue cuando termine mi relacion y tenia tiempo,keep,0.88,0.0,0.0,,,keep_raw,,data/clips/CHARLA SOBRE EL AMOR Y EL DESAMOR/clip_0155.mp4,True,data/clips/CHARLA SOBRE EL AMOR Y EL DESAMOR/clip_0155.txt,True,True
CHARLA SOBRE EL AMOR Y EL DESAMOR,clip_0156,val,f04,100,para aprender todos los dias obviamente yo estuve muy mal cuando termine mi relacion,para aprender todos los dias obviamente yo estuve muy mal cuando termine mi relacion,para aprender todos los dias obviamente yo estuve muy mal cuando termine mi relacion,keep,0.88,0.0,0.0,,,keep_raw,,data/clips/CHARLA SOBRE EL AMOR Y EL DESAMOR/clip_0156.mp4,True,data/clips/CHARLA SOBRE EL AMOR Y EL DESAMOR/clip_0156.txt,True,True
CHARLA SOBRE EL AMOR Y EL DESAMOR,clip_0157,val,f04,100,mi somierda mi somierda me desoriento yo proyectaba,mi somierda mi somierda me desoriento yo proyectaba,me hizo mierda me hizo mierda me desoriento yo proyectaba,corrected,0.96,0.1296,0.5556,insulto|cambio_grande|repeticion,cambio_grande_detectado,reject_suggestion,mi somierda es error claro por me hizo mierda,data/clips/CHARLA SOBRE EL AMOR Y EL DESAMOR/clip_0157.mp4,True,data/clips/CHARLA SOBRE EL AMOR Y EL DESAMOR/clip_0157.txt,True,True
CHARLA SOBRE EL AMOR Y EL DESAMOR,clip_0158,val,f04,100,todo ahi porque bueno viste pero una persona como yo que nunca tuvo novia,todo ahi porque bueno viste pero una persona como yo que nunca tuvo novia,todo ahi porque uno viste una persona como yo que nunca tuvo novia,corrected,0.84,0.0504,0.1111,cambio_grande|correccion_inferida|requiere_video,,reject_suggestion,bueno viste pero no encaja y el contexto auxiliar indica uno viste una persona,data/clips/CHARLA SOBRE EL AMOR Y EL DESAMOR/clip_0158.mp4,True,data/clips/CHARLA SOBRE EL AMOR Y EL DESAMOR/clip_0158.txt,True,True
CHARLA SOBRE EL AMOR Y EL DESAMOR,clip_0159,val,f04,100,de igual que siente que hay una sola persona en el mundo que vas a amar ojala no sea asi,de igual que siente que hay una sola persona en el mundo que vas a amar ojala no sea asi,de golpe siente que hay una sola persona en el mundo que vas a amar ojala no sea asi,corrected,0.84,0.0465,0.0769,cambio_grande|correccion_inferida|requiere_video,,reject_suggestion,de igual que no encaja y el contexto auxiliar indica de golpe siente,data/clips/CHARLA SOBRE EL AMOR Y EL DESAMOR/clip_0159.mp4,True,data/clips/CHARLA SOBRE EL AMOR Y EL DESAMOR/clip_0159.txt,True,True
CHARLA SOBRE EL AMOR Y EL DESAMOR,clip_0160,val,f04,100,pues yo eso pensaba yo entonces yo literalmente,pues yo eso pensaba yo entonces yo literalmente,pues yo eso pensaba yo entonces yo literalmente,keep,0.88,0.0,0.0,,,keep_raw,,data/clips/CHARLA SOBRE EL AMOR Y EL DESAMOR/clip_0160.mp4,True,data/clips/CHARLA SOBRE EL AMOR Y EL DESAMOR/clip_0160.txt,True,True
CHARLA SOBRE EL AMOR Y EL DESAMOR,clip_0161,val,f04,100,dije se acabo el mundo para mi literal se acabo el mundo para mi,dije se acabo el mundo para mi literal se acabo el mundo para mi,dije se acabo el mundo para mi literal se acabo el mundo para mi,keep,0.88,0.0,0.0,,,keep_raw,,data/clips/CHARLA SOBRE EL AMOR Y EL DESAMOR/clip_0161.mp4,True,data/clips/CHARLA SOBRE EL AMOR Y EL DESAMOR/clip_0161.txt,True,True
CHARLA SOBRE EL AMOR Y EL DESAMOR,clip_0162,val,f04,100,no va a haber otra igual no va a haber nunca otra persona igual no voy a conseguir,no va a haber otra igual no va a haber nunca otra persona igual no voy a conseguir,no va a haber otra igual no va a haber nunca otra persona igual no voy a conseguir,keep,0.88,0.0,0.0,,,keep_raw,,data/clips/CHARLA SOBRE EL AMOR Y EL DESAMOR/clip_0162.mp4,True,data/clips/CHARLA SOBRE EL AMOR Y EL DESAMOR/clip_0162.txt,True,True
CHARLA SOBRE EL AMOR Y EL DESAMOR,clip_0163,val,f04,100,nunca una persona asi nunca y pensaba eso y pensaba eso,nunca una persona asi nunca y pensaba eso y pensaba eso,nunca una persona asi nunca y pensaba eso y pensaba eso,keep,0.88,0.0,0.0,,,keep_raw,,data/clips/CHARLA SOBRE EL AMOR Y EL DESAMOR/clip_0163.mp4,True,data/clips/CHARLA SOBRE EL AMOR Y EL DESAMOR/clip_0163.txt,True,True
CHARLA SOBRE EL AMOR Y EL DESAMOR,clip_0164,val,f04,100,y pensaba eso y lloraba y hablaba con mis amigos que le mando un saludo a los chicos de quino de combo,y pensaba eso y lloraba y hablaba con mis amigos que le mando un saludo a los chicos de quino de combo,y pensaba eso y lloraba y hablaba con mis amigos que le mando un saludo a los chicos de quino de combo,keep,0.88,0.0,0.0,,,keep_raw,,data/clips/CHARLA SOBRE EL AMOR Y EL DESAMOR/clip_0164.mp4,True,data/clips/CHARLA SOBRE EL AMOR Y EL DESAMOR/clip_0164.txt,True,True
CHARLA SOBRE EL AMOR Y EL DESAMOR,clip_0165,val,f04,100,que me habran fumado de no ya soy viejo no voy a conseguir,que me habran fumado de no ya soy viejo no voy a conseguir,que me habran fumado de no ya soy viejo no voy a conseguir,keep,0.88,0.0,0.0,,,keep_raw,,data/clips/CHARLA SOBRE EL AMOR Y EL DESAMOR/clip_0165.mp4,True,data/clips/CHARLA SOBRE EL AMOR Y EL DESAMOR/clip_0165.txt,True,True
CHARLA SOBRE EL AMOR Y EL DESAMOR,clip_0166,val,f04,100,otra persona etcetera etcetera etcetera amigo,otra persona etcetera etcetera etcetera amigo,otra persona etcetera etcetera etcetera amigo,keep,0.88,0.0,0.0,,,keep_raw,,data/clips/CHARLA SOBRE EL AMOR Y EL DESAMOR/clip_0166.mp4,True,data/clips/CHARLA SOBRE EL AMOR Y EL DESAMOR/clip_0166.txt,True,True
CHARLA SOBRE EL AMOR Y EL DESAMOR,clip_0167,val,f04,100,se termina y te puedo asegurar,se termina y te puedo asegurar,se termina y te puedo asegurar,keep,0.88,0.0,0.0,,,keep_raw,,data/clips/CHARLA SOBRE EL AMOR Y EL DESAMOR/clip_0167.mp4,True,data/clips/CHARLA SOBRE EL AMOR Y EL DESAMOR/clip_0167.txt,True,True
CHARLA SOBRE EL AMOR Y EL DESAMOR,clip_0168,val,f04,100,que sufris sufris sufris un dia basta un dia te cansas,que sufris sufris sufris un dia basta un dia te cansas,que sufris sufris sufris un dia basta un dia te cansas,keep,0.88,0.0,0.0,,,keep_raw,,data/clips/CHARLA SOBRE EL AMOR Y EL DESAMOR/clip_0168.mp4,True,data/clips/CHARLA SOBRE EL AMOR Y EL DESAMOR/clip_0168.txt,True,True
CHARLA SOBRE EL AMOR Y EL DESAMOR,clip_0169,val,f04,100,y ahi te convertis en supras alla,y ahi te convertis en supras alla,y ahi te convertis en super saiyan,corrected,0.86,0.1642,0.2857,jerga|cambio_grande|correccion_inferida,,reject_suggestion,supras alla parece error por referencia a super saiyan,data/clips/CHARLA SOBRE EL AMOR Y EL DESAMOR/clip_0169.mp4,True,data/clips/CHARLA SOBRE EL AMOR Y EL DESAMOR/clip_0169.txt,True,True
CHARLA SOBRE EL AMOR Y EL DESAMOR,clip_0170,val,f04,100,los hombres del chat me van a entender,los hombres del chat me van a entender,los hombres del chat me van a entender,keep,0.88,0.0,0.0,,,keep_raw,,data/clips/CHARLA SOBRE EL AMOR Y EL DESAMOR/clip_0170.mp4,True,data/clips/CHARLA SOBRE EL AMOR Y EL DESAMOR/clip_0170.txt,True,True
CHARLA SOBRE EL AMOR Y EL DESAMOR,clip_0171,val,f04,100,bien en la fase 2 la fase 2 cual es,bien en la fase 2 la fase 2 cual es,bien en la fase 2 la fase 2 cual es,keep,0.88,0.0,0.0,,,keep_raw,,data/clips/CHARLA SOBRE EL AMOR Y EL DESAMOR/clip_0171.mp4,True,data/clips/CHARLA SOBRE EL AMOR Y EL DESAMOR/clip_0171.txt,True,True
CHARLA SOBRE EL AMOR Y EL DESAMOR,clip_0173,val,f04,100,que me gustan si deje la facultad si me falta unas materias la reanudo,que me gustan si deje la facultad si me falta unas materias la reanudo,que me gustan si deje la facultad si me falta unas materias la reanudo,uncertain,0.36,0.0,0.0,correccion_inferida|posible_alucinacion,,reject_suggestion,la frase inicial parece dañada pero no hay alternativa segura,data/clips/CHARLA SOBRE EL AMOR Y EL DESAMOR/clip_0173.mp4,True,data/clips/CHARLA SOBRE EL AMOR Y EL DESAMOR/clip_0173.txt,True,True
CHARLA SOBRE EL AMOR Y EL DESAMOR,clip_0174,val,f04,100,por que porque la vida sigue y sabes que teneis que hacer cuando la vida sigue,por que porque la vida sigue y sabes que teneis que hacer cuando la vida sigue,por que porque la vida sigue y sabes que tenes que hacer cuando la vida sigue,corrected,0.89,0.0065,0.0625,correccion_inferida,,accept_correction,teneis es error claro frente al voseo del hablante,data/clips/CHARLA SOBRE EL AMOR Y EL DESAMOR/clip_0174.mp4,True,data/clips/CHARLA SOBRE EL AMOR Y EL DESAMOR/clip_0174.txt,True,True
CHARLA SOBRE EL AMOR Y EL DESAMOR,clip_0175,val,f04,100,sobrevivir que sobrevivir ponerte las pilas,sobrevivir que sobrevivir ponerte las pilas,sobrevivir que sobrevivir ponerte las pilas,keep,0.88,0.0,0.0,,,keep_raw,,data/clips/CHARLA SOBRE EL AMOR Y EL DESAMOR/clip_0175.mp4,True,data/clips/CHARLA SOBRE EL AMOR Y EL DESAMOR/clip_0175.txt,True,True
CHARLA SOBRE EL AMOR Y EL DESAMOR,clip_0176,val,f04,100,en todo y volver a tener,en todo y volver a tener,en todo y volver a tener,keep,0.88,0.0,0.0,,,keep_raw,,data/clips/CHARLA SOBRE EL AMOR Y EL DESAMOR/clip_0176.mp4,True,data/clips/CHARLA SOBRE EL AMOR Y EL DESAMOR/clip_0176.txt,True,True
CHARLA SOBRE EL AMOR Y EL DESAMOR,clip_0177,val,f04,100,una vida social y eventualmente volver a conseguir al amor de tu vida,una vida social y eventualmente volver a conseguir al amor de tu vida,una vida social y eventualmente volver a conseguir al amor de tu vida,keep,0.88,0.0,0.0,,,keep_raw,,data/clips/CHARLA SOBRE EL AMOR Y EL DESAMOR/clip_0177.mp4,True,data/clips/CHARLA SOBRE EL AMOR Y EL DESAMOR/clip_0177.txt,True,True
CHARLA SOBRE EL AMOR Y EL DESAMOR,clip_0178,val,f04,100,como se consigue al amor de tu vida estando hecho mierda con barba todo abandonado,como se consigue al amor de tu vida estando hecho mierda con barba todo abandonado,como se consigue al amor de tu vida estando hecho mierda con barba todo abandonado,keep,0.88,0.0,0.0,,,keep_raw,,data/clips/CHARLA SOBRE EL AMOR Y EL DESAMOR/clip_0178.mp4,True,data/clips/CHARLA SOBRE EL AMOR Y EL DESAMOR/clip_0178.txt,True,True
CHARLA SOBRE EL AMOR Y EL DESAMOR,clip_0179,val,f04,100,o poniendote las pilas con tu vida y haciendote cargo obviamente,o poniendote las pilas con tu vida y haciendote cargo obviamente,o poniendote las pilas con tu vida y haciendote cargo obviamente,keep,0.88,0.0,0.0,,,keep_raw,,data/clips/CHARLA SOBRE EL AMOR Y EL DESAMOR/clip_0179.mp4,True,data/clips/CHARLA SOBRE EL AMOR Y EL DESAMOR/clip_0179.txt,True,True
CHARLA SOBRE EL AMOR Y EL DESAMOR,clip_0180,val,f04,100,haciendote cargo entonces cuando te viene ese pensamiento,haciendote cargo entonces cuando te viene ese pensamiento,haciendote cargo entonces cuando te viene ese pensamiento,keep,0.88,0.0,0.0,,,keep_raw,,data/clips/CHARLA SOBRE EL AMOR Y EL DESAMOR/clip_0180.mp4,True,data/clips/CHARLA SOBRE EL AMOR Y EL DESAMOR/clip_0180.txt,True,True
CHARLA SOBRE EL AMOR Y EL DESAMOR,clip_0181,val,f04,100,de que la vida sigue y de que ese amor se fue todo es nuevo volves a estar alla arriba,de que la vida sigue y de que ese amor se fue todo es nuevo volves a estar alla arriba,de que la vida sigue y de que ese amor se fue todo es nuevo volves a estar alla arriba,keep,0.88,0.0,0.0,,,keep_raw,,data/clips/CHARLA SOBRE EL AMOR Y EL DESAMOR/clip_0181.mp4,True,data/clips/CHARLA SOBRE EL AMOR Y EL DESAMOR/clip_0181.txt,True,True
CHARLA SOBRE EL AMOR Y EL DESAMOR,clip_0183,val,f04,100,meti al gim como nunca empece una dieta nueva,meti al gim como nunca empece una dieta nueva,meti al gim como nunca empece una dieta nueva,uncertain,0.48,0.0,0.0,jerga|correccion_inferida,,reject_suggestion,posible error en meti al gim pero no hay confianza suficiente,data/clips/CHARLA SOBRE EL AMOR Y EL DESAMOR/clip_0183.mp4,True,data/clips/CHARLA SOBRE EL AMOR Y EL DESAMOR/clip_0183.txt,True,True
CHARLA SOBRE EL AMOR Y EL DESAMOR,clip_0184,val,f04,100,no tengas miedo no tengas miedo se termina una relacion,no tengas miedo no tengas miedo se termina una relacion,no tengas miedo no tengas miedo se termina una relacion,keep,0.88,0.0,0.0,,,keep_raw,,data/clips/CHARLA SOBRE EL AMOR Y EL DESAMOR/clip_0184.mp4,True,data/clips/CHARLA SOBRE EL AMOR Y EL DESAMOR/clip_0184.txt,True,True
CHARLA SOBRE EL AMOR Y EL DESAMOR,clip_0185,val,f04,100,es una paja duela un monton pero termina,es una paja duela un monton pero termina,es una paja duele un monton pero termina,corrected,0.9,0.025,0.125,jerga|correccion_inferida,,accept_correction,duela no encaja con la frase declarativa,data/clips/CHARLA SOBRE EL AMOR Y EL DESAMOR/clip_0185.mp4,True,data/clips/CHARLA SOBRE EL AMOR Y EL DESAMOR/clip_0185.txt,True,True
CHARLA SOBRE EL AMOR Y EL DESAMOR,clip_0187,val,f04,100,la vida esta llena de quilombos,la vida esta llena de quilombos,la vida esta llena de quilombos,keep,0.88,0.0,0.0,,,keep_raw,,data/clips/CHARLA SOBRE EL AMOR Y EL DESAMOR/clip_0187.mp4,True,data/clips/CHARLA SOBRE EL AMOR Y EL DESAMOR/clip_0187.txt,True,True
CHARLA SOBRE EL AMOR Y EL DESAMOR,clip_0188,val,f04,100,que te generan una fortaleza a la larga,que te generan una fortaleza a la larga,que te generan una fortaleza a la larga,keep,0.88,0.0,0.0,,,keep_raw,,data/clips/CHARLA SOBRE EL AMOR Y EL DESAMOR/clip_0188.mp4,True,data/clips/CHARLA SOBRE EL AMOR Y EL DESAMOR/clip_0188.txt,True,True
CHARLA SOBRE EL AMOR Y EL DESAMOR,clip_0189,val,f04,100,perdiste una relacion vendra otra perdiste una relacion fortaleciste,perdiste una relacion vendra otra perdiste una relacion fortaleciste,perdiste una relacion vendra otra perdiste una relacion fortaleciste,keep,0.88,0.0,0.0,,,keep_raw,,data/clips/CHARLA SOBRE EL AMOR Y EL DESAMOR/clip_0189.mp4,True,data/clips/CHARLA SOBRE EL AMOR Y EL DESAMOR/clip_0189.txt,True,True
CHARLA SOBRE EL AMOR Y EL DESAMOR,clip_0190,val,f04,100,todas las que te quedaron perdiste un amigo porque no es solo perder una novia,todas las que te quedaron perdiste un amigo porque no es solo perder una novia,todas las que te quedaron perdiste un amigo porque no es solo perder una novia,keep,0.88,0.0,0.0,,,keep_raw,,data/clips/CHARLA SOBRE EL AMOR Y EL DESAMOR/clip_0190.mp4,True,data/clips/CHARLA SOBRE EL AMOR Y EL DESAMOR/clip_0190.txt,True,True
CHARLA SOBRE EL AMOR Y EL DESAMOR,clip_0191,val,f04,100,a veces perdes un amigo fortaleces cuatro amigos,a veces perdes un amigo fortaleces cuatro amigos,a veces perdes un amigo fortaleces cuatro amigos,keep,0.88,0.0,0.0,,,keep_raw,,data/clips/CHARLA SOBRE EL AMOR Y EL DESAMOR/clip_0191.mp4,True,data/clips/CHARLA SOBRE EL AMOR Y EL DESAMOR/clip_0191.txt,True,True
CHARLA SOBRE EL AMOR Y EL DESAMOR,clip_0192,val,f04,100,que siguen ahi y que te estan bancando uno se mando una cagada,que siguen ahi y que te estan bancando uno se mando una cagada,que siguen ahi y que te estan bancando uno se mando una cagada,keep,0.88,0.0,0.0,,,keep_raw,,data/clips/CHARLA SOBRE EL AMOR Y EL DESAMOR/clip_0192.mp4,True,data/clips/CHARLA SOBRE EL AMOR Y EL DESAMOR/clip_0192.txt,True,True
CHARLA SOBRE EL AMOR Y EL DESAMOR,clip_0193,val,f04,100,nunca mas gil pero hay cuatro que siguen siendo hermanos,nunca mas gil pero hay cuatro que siguen siendo hermanos,nunca mas gil pero hay cuatro que siguen siendo hermanos,keep,0.88,0.0,0.0,,,keep_raw,,data/clips/CHARLA SOBRE EL AMOR Y EL DESAMOR/clip_0193.mp4,True,data/clips/CHARLA SOBRE EL AMOR Y EL DESAMOR/clip_0193.txt,True,True
CHARLA SOBRE EL AMOR Y EL DESAMOR,clip_0194,val,f04,100,y a esos hermanos todo,y a esos hermanos todo,y a esos hermanos todo,keep,0.88,0.0,0.0,,,keep_raw,,data/clips/CHARLA SOBRE EL AMOR Y EL DESAMOR/clip_0194.mp4,True,data/clips/CHARLA SOBRE EL AMOR Y EL DESAMOR/clip_0194.txt,True,True
CHARLA SOBRE EL AMOR Y EL DESAMOR,clip_0195,val,f04,100,charlasad no no charla motivadora loco bueno gente,charlasad no no charla motivadora loco bueno gente,charla sad no no charla motivadora loco bueno gente,corrected,0.94,0.0099,0.1765,jerga,,accept_correction,charlasad es union erronea de charla sad,data/clips/CHARLA SOBRE EL AMOR Y EL DESAMOR/clip_0195.mp4,True,data/clips/CHARLA SOBRE EL AMOR Y EL DESAMOR/clip_0195.txt,True,True
CHARLA SOBRE EL AMOR Y EL DESAMOR,clip_0196,val,f04,100,vamos a ver el tema maria de serra queria que sepan,vamos a ver el tema maria de serra queria que sepan,vamos a ver el tema maria becerra queria que sepan,corrected,0.9,0.0495,0.1429,nombre_propio|correccion_inferida|requiere_video,,reject_suggestion,maria de serra es error por maria becerra segun contexto de fuente,data/clips/CHARLA SOBRE EL AMOR Y EL DESAMOR/clip_0196.mp4,True,data/clips/CHARLA SOBRE EL AMOR Y EL DESAMOR/clip_0196.txt,True,True
CHARLA SOBRE EL AMOR Y EL DESAMOR,clip_0197,val,f04,100,que me gusta hablar con ustedes que me gusta darles un consejo,que me gusta hablar con ustedes que me gusta darles un consejo,que me gusta hablar con ustedes que me gusta darles un consejo,keep,0.88,0.0,0.0,,,keep_raw,,data/clips/CHARLA SOBRE EL AMOR Y EL DESAMOR/clip_0197.mp4,True,data/clips/CHARLA SOBRE EL AMOR Y EL DESAMOR/clip_0197.txt,True,True
CHARLA SOBRE EL AMOR Y EL DESAMOR,clip_0198,val,f04,100,y yo ya se que parezco joven porque me cuido bien,y yo ya se que parezco joven porque me cuido bien,y yo ya se que parezco joven porque me cuido bien,keep,0.88,0.0,0.0,,,keep_raw,,data/clips/CHARLA SOBRE EL AMOR Y EL DESAMOR/clip_0198.mp4,True,data/clips/CHARLA SOBRE EL AMOR Y EL DESAMOR/clip_0198.txt,True,True
CHARLA SOBRE EL AMOR Y EL DESAMOR,clip_0199,val,f04,100,y porque no tomo alcohol que tambien la recomiendo que no sean pelotudos no tomen alcohol,y porque no tomo alcohol que tambien la recomiendo que no sean pelotudos no tomen alcohol,y porque no tomo alcohol que tambien les recomiendo que no sean pelotudos no tomen alcohol,corrected,0.92,0.0168,0.0625,insulto|correccion_inferida,,accept_correction,la recomiendo no concuerda con destinatario plural,data/clips/CHARLA SOBRE EL AMOR Y EL DESAMOR/clip_0199.mp4,True,data/clips/CHARLA SOBRE EL AMOR Y EL DESAMOR/clip_0199.txt,True,True
CHARLA SOBRE EL AMOR Y EL DESAMOR,clip_0200,val,f04,100,el alcohol es una mierda y el alcohol,el alcohol es una mierda y el alcohol,el alcohol es una mierda y el alcohol,keep,0.88,0.0,0.0,,,keep_raw,,data/clips/CHARLA SOBRE EL AMOR Y EL DESAMOR/clip_0200.mp4,True,data/clips/CHARLA SOBRE EL AMOR Y EL DESAMOR/clip_0200.txt,True,True
CHARLA SOBRE EL AMOR Y EL DESAMOR,clip_0201,val,f04,100,es una mierda yo ustedes saben lo que quieran porque es su cuerpo,es una mierda yo ustedes saben lo que quieran porque es su cuerpo,es una mierda yo ustedes hagan lo que quieran porque es su cuerpo,corrected,0.86,0.0462,0.0769,correccion_inferida,,accept_correction,saben no encaja y hagan lo que quieran es la construccion coherente,data/clips/CHARLA SOBRE EL AMOR Y EL DESAMOR/clip_0201.mp4,True,data/clips/CHARLA SOBRE EL AMOR Y EL DESAMOR/clip_0201.txt,True,True
CHARLA SOBRE EL AMOR Y EL DESAMOR,clip_0202,val,f04,100,su salud pero yo nunca nada,su salud pero yo nunca nada,su salud pero yo nunca nada,keep,0.88,0.0,0.0,,,keep_raw,,data/clips/CHARLA SOBRE EL AMOR Y EL DESAMOR/clip_0202.mp4,True,data/clips/CHARLA SOBRE EL AMOR Y EL DESAMOR/clip_0202.txt,True,True
CHARLA SOBRE EL AMOR Y EL DESAMOR,clip_0203,val,f04,100,solo cuando salio campeon a seleccion un ferneo y algunas cositas,solo cuando salio campeon a seleccion un ferneo y algunas cositas,solo cuando salio campeona la seleccion un fernet y algunas cositas,corrected,0.9,0.0303,0.2727,jerga|cambio_grande|correccion_inferida,,reject_suggestion,a seleccion y ferneo son errores claros por la seleccion y fernet,data/clips/CHARLA SOBRE EL AMOR Y EL DESAMOR/clip_0203.mp4,True,data/clips/CHARLA SOBRE EL AMOR Y EL DESAMOR/clip_0203.txt,True,True
CHARLA SOBRE EL AMOR Y EL DESAMOR,clip_0204,val,f04,100,pero nunca nada porro no tampoco,pero nunca nada porro no tampoco,pero nunca nada porro no tampoco,keep,0.88,0.0,0.0,,,keep_raw,,data/clips/CHARLA SOBRE EL AMOR Y EL DESAMOR/clip_0204.mp4,True,data/clips/CHARLA SOBRE EL AMOR Y EL DESAMOR/clip_0204.txt,True,True
CHARLA SOBRE EL AMOR Y EL DESAMOR,clip_0205,val,f04,100,el porro esta bien dice uno en el chat para mi el porro no esta bien,el porro esta bien dice uno en el chat para mi el porro no esta bien,el porro esta bien dice uno en el chat para mi el porro no esta bien,keep,0.88,0.0,0.0,,,keep_raw,,data/clips/CHARLA SOBRE EL AMOR Y EL DESAMOR/clip_0205.mp4,True,data/clips/CHARLA SOBRE EL AMOR Y EL DESAMOR/clip_0205.txt,True,True
CHARLA SOBRE EL AMOR Y EL DESAMOR,clip_0206,val,f04,100,perdon disculpeme para mi queres fumar un porro te banco,perdon disculpeme para mi queres fumar un porro te banco,perdon disculpeme para mi queres fumar un porro te banco,keep,0.88,0.0,0.0,,,keep_raw,,data/clips/CHARLA SOBRE EL AMOR Y EL DESAMOR/clip_0206.mp4,True,data/clips/CHARLA SOBRE EL AMOR Y EL DESAMOR/clip_0206.txt,True,True
CHARLA SOBRE EL AMOR Y EL DESAMOR,clip_0207,val,f04,100,te respeto y para mi,te respeto y para mi,te respeto y para mi,keep,0.88,0.0,0.0,,,keep_raw,,data/clips/CHARLA SOBRE EL AMOR Y EL DESAMOR/clip_0207.mp4,True,data/clips/CHARLA SOBRE EL AMOR Y EL DESAMOR/clip_0207.txt,True,True
CHARLA SOBRE EL AMOR Y EL DESAMOR,clip_0208,val,f04,100,en mi vida el porro no esta bien no me importa si es natural,en mi vida el porro no esta bien no me importa si es natural,en mi vida el porro no esta bien no me importa si es natural,keep,0.88,0.0,0.0,,,keep_raw,,data/clips/CHARLA SOBRE EL AMOR Y EL DESAMOR/clip_0208.mp4,True,data/clips/CHARLA SOBRE EL AMOR Y EL DESAMOR/clip_0208.txt,True,True
CHARLA SOBRE EL AMOR Y EL DESAMOR,clip_0209,val,f04,100,yo no quiero porro cerca no me gusta el porro,yo no quiero porro cerca no me gusta el porro,yo no quiero porro cerca no me gusta el porro,keep,0.88,0.0,0.0,,,keep_raw,,data/clips/CHARLA SOBRE EL AMOR Y EL DESAMOR/clip_0209.mp4,True,data/clips/CHARLA SOBRE EL AMOR Y EL DESAMOR/clip_0209.txt,True,True
CHARLA SOBRE EL AMOR Y EL DESAMOR,clip_0210,val,f04,100,no me gusta el porro y lo digo de una,no me gusta el porro y lo digo de una,no me gusta el porro y lo digo de una,keep,0.88,0.0,0.0,,,keep_raw,,data/clips/CHARLA SOBRE EL AMOR Y EL DESAMOR/clip_0210.mp4,True,data/clips/CHARLA SOBRE EL AMOR Y EL DESAMOR/clip_0210.txt,True,True
CHARLA SOBRE EL AMOR Y EL DESAMOR,clip_0211,val,f04,100,no tengo que quedar bien con nadie yo les digo lo que yo siento,no tengo que quedar bien con nadie yo les digo lo que yo siento,no tengo que quedar bien con nadie yo les digo lo que yo siento,keep,0.88,0.0,0.0,,,keep_raw,,data/clips/CHARLA SOBRE EL AMOR Y EL DESAMOR/clip_0211.mp4,True,data/clips/CHARLA SOBRE EL AMOR Y EL DESAMOR/clip_0211.txt,True,True
CHARLA SOBRE EL AMOR Y EL DESAMOR,clip_0212,val,f04,100,si mi mejor amigo fuma porro nunca le voy a decir nada nunca le voy a decir che,si mi mejor amigo fuma porro nunca le voy a decir nada nunca le voy a decir che,si mi mejor amigo fuma porro nunca le voy a decir nada nunca le voy a decir che,keep,0.88,0.0,0.0,,,keep_raw,,data/clips/CHARLA SOBRE EL AMOR Y EL DESAMOR/clip_0212.mp4,True,data/clips/CHARLA SOBRE EL AMOR Y EL DESAMOR/clip_0212.txt,True,True
CHARLA SOBRE EL AMOR Y EL DESAMOR,clip_0213,val,f04,100,que haces con esa mierda tu cuerpo tu salud te respeto,que haces con esa mierda tu cuerpo tu salud te respeto,que haces con esa mierda tu cuerpo tu salud te respeto,keep,0.88,0.0,0.0,,,keep_raw,,data/clips/CHARLA SOBRE EL AMOR Y EL DESAMOR/clip_0213.mp4,True,data/clips/CHARLA SOBRE EL AMOR Y EL DESAMOR/clip_0213.txt,True,True
CHARLA SOBRE EL AMOR Y EL DESAMOR,clip_0214,val,f04,100,esta todo viola yo no voy a fumar en mi vida voy a fumar,esta todo viola yo no voy a fumar en mi vida voy a fumar,esta todo viola yo no voy a fumar en mi vida no voy a fumar,corrected,0.88,0.0261,0.0345,jerga|correccion_inferida,,accept_correction,la segunda ocurrencia debe mantener la negacion,data/clips/CHARLA SOBRE EL AMOR Y EL DESAMOR/clip_0214.mp4,True,data/clips/CHARLA SOBRE EL AMOR Y EL DESAMOR/clip_0214.txt,True,True
CHARLA SOBRE EL AMOR Y EL DESAMOR,clip_0215,val,f04,100,dijo porno no el porno es lo mismo que me gusta el porno lo banco el porro no banco,dijo porno no el porno es lo mismo que me gusta el porno lo banco el porro no banco,dijo porno no el porno es lo mismo que me gusta el porno lo banco el porro no banco,uncertain,0.42,0.0,0.0,jerga|correccion_inferida|posible_alucinacion,,reject_suggestion,posible confusion entre porro y porno pero no hay confianza suficiente,data/clips/CHARLA SOBRE EL AMOR Y EL DESAMOR/clip_0215.mp4,True,data/clips/CHARLA SOBRE EL AMOR Y EL DESAMOR/clip_0215.txt,True,True
CHARLA SOBRE EL AMOR Y EL DESAMOR,clip_0216,val,f04,100,no me gusta el porro la marihuana eso no me gusta,no me gusta el porro la marihuana eso no me gusta,no me gusta el porro la marihuana eso no me gusta,keep,0.88,0.0,0.0,,,keep_raw,,data/clips/CHARLA SOBRE EL AMOR Y EL DESAMOR/clip_0216.mp4,True,data/clips/CHARLA SOBRE EL AMOR Y EL DESAMOR/clip_0216.txt,True,True
CHARLA SOBRE EL AMOR Y EL DESAMOR,clip_0217,val,f04,100,nunca me gusto nunca senti que la necesites,nunca me gusto nunca senti que la necesites,nunca me gusto nunca senti que la necesite,corrected,0.91,0.0118,0.125,correccion_inferida,,accept_correction,necesites no concuerda con primera persona,data/clips/CHARLA SOBRE EL AMOR Y EL DESAMOR/clip_0217.mp4,True,data/clips/CHARLA SOBRE EL AMOR Y EL DESAMOR/clip_0217.txt,True,True
CHARLA SOBRE EL AMOR Y EL DESAMOR,clip_0218,val,f04,100,para mi te lleva a un lugar donde,para mi te lleva a un lugar donde,para mi te lleva a un lugar donde,keep,0.88,0.0,0.0,,,keep_raw,,data/clips/CHARLA SOBRE EL AMOR Y EL DESAMOR/clip_0218.mp4,True,data/clips/CHARLA SOBRE EL AMOR Y EL DESAMOR/clip_0218.txt,True,True
CHARLA SOBRE EL AMOR Y EL DESAMOR,clip_0219,val,f04,100,no sos vos donde,no sos vos donde,no sos vos donde,keep,0.88,0.0,0.0,,,keep_raw,,data/clips/CHARLA SOBRE EL AMOR Y EL DESAMOR/clip_0219.mp4,True,data/clips/CHARLA SOBRE EL AMOR Y EL DESAMOR/clip_0219.txt,True,True
CHARLA SOBRE EL AMOR Y EL DESAMOR,clip_0220,val,f04,100,no se no sos vos,no se no sos vos,no se no sos vos,keep,0.88,0.0,0.0,,,keep_raw,,data/clips/CHARLA SOBRE EL AMOR Y EL DESAMOR/clip_0220.mp4,True,data/clips/CHARLA SOBRE EL AMOR Y EL DESAMOR/clip_0220.txt,True,True
CHARLA SOBRE EL AMOR Y EL DESAMOR,clip_0221,val,f04,100,pero bueno no quiero entrar en esa discusion porque es personal es personal nunca no vamos a poner de acuerdo,pero bueno no quiero entrar en esa discusion porque es personal es personal nunca no vamos a poner de acuerdo,pero bueno no quiero entrar en esa discusion porque es personal es personal nunca nos vamos a poner de acuerdo,corrected,0.96,0.0046,0.05,,,accept_correction,no vamos es error claro por nos vamos,data/clips/CHARLA SOBRE EL AMOR Y EL DESAMOR/clip_0221.mp4,True,data/clips/CHARLA SOBRE EL AMOR Y EL DESAMOR/clip_0221.txt,True,True
CHARLA SOBRE EL AMOR Y EL DESAMOR,clip_0222,val,f04,100,nunca no vamos a poner de acuerdo de unico que les puedo agregar es,nunca no vamos a poner de acuerdo de unico que les puedo agregar es,nunca nos vamos a poner de acuerdo lo unico que les puedo agregar es,corrected,0.94,0.037,0.1429,,,accept_correction,no vamos y de unico son errores claros por nos vamos y lo unico,data/clips/CHARLA SOBRE EL AMOR Y EL DESAMOR/clip_0222.mp4,True,data/clips/CHARLA SOBRE EL AMOR Y EL DESAMOR/clip_0222.txt,True,True
CHARLA SOBRE EL AMOR Y EL DESAMOR,clip_0223,val,f04,100,yo tomo alcohol para desinhibirme amigo y si mejor no aprendes,yo tomo alcohol para desinhibirme amigo y si mejor no aprendes,yo tomo alcohol para desinhibirme amigo y si mejor no aprendes,keep,0.88,0.0,0.0,,,keep_raw,,data/clips/CHARLA SOBRE EL AMOR Y EL DESAMOR/clip_0223.mp4,True,data/clips/CHARLA SOBRE EL AMOR Y EL DESAMOR/clip_0223.txt,True,True
CHARLA SOBRE EL AMOR Y EL DESAMOR,clip_0224,val,f04,100,a desinhibirte sin la necesidad de alcohol y si mejor no aprendes a soltarte,a desinhibirte sin la necesidad de alcohol y si mejor no aprendes a soltarte,a desinhibirte sin la necesidad de alcohol y si mejor no aprendes a soltarte,keep,0.88,0.0,0.0,,,keep_raw,,data/clips/CHARLA SOBRE EL AMOR Y EL DESAMOR/clip_0224.mp4,True,data/clips/CHARLA SOBRE EL AMOR Y EL DESAMOR/clip_0224.txt,True,True
CHARLA SOBRE EL AMOR Y EL DESAMOR,clip_0225,val,f04,100,sin necesitar tomar nada en mi opinion eh,sin necesitar tomar nada en mi opinion eh,sin necesitar tomar nada en mi opinion eh,keep,0.88,0.0,0.0,,,keep_raw,,data/clips/CHARLA SOBRE EL AMOR Y EL DESAMOR/clip_0225.mp4,True,data/clips/CHARLA SOBRE EL AMOR Y EL DESAMOR/clip_0225.txt,True,True
CHARLA SOBRE EL AMOR Y EL DESAMOR,clip_0226,val,f04,100,arrancas a los djs sos timido te cuesta a los djs,arrancas a los djs sos timido te cuesta a los djs,arrancas a los 16 sos timido te cuesta a los 16,corrected,0.82,0.1042,0.1818,numero|cambio_grande|correccion_inferida,,reject_suggestion,djs parece error por 16 segun contexto inmediato,data/clips/CHARLA SOBRE EL AMOR Y EL DESAMOR/clip_0226.mp4,True,data/clips/CHARLA SOBRE EL AMOR Y EL DESAMOR/clip_0226.txt,True,True
CHARLA SOBRE EL AMOR Y EL DESAMOR,clip_0227,val,f04,100,si no tomo alcohol no me encargo una mina bueno el problema,si no tomo alcohol no me encargo una mina bueno el problema,si no tomo alcohol no me encaro una mina bueno el problema,corrected,0.93,0.0085,0.0833,jerga,,accept_correction,encargo es error claro por encaro,data/clips/CHARLA SOBRE EL AMOR Y EL DESAMOR/clip_0227.mp4,True,data/clips/CHARLA SOBRE EL AMOR Y EL DESAMOR/clip_0227.txt,True,True
CHARLA SOBRE EL AMOR Y EL DESAMOR,clip_0228,val,f04,100,esta en tu seguridad,esta en tu seguridad,esta en tu seguridad,keep,0.88,0.0,0.0,,,keep_raw,,data/clips/CHARLA SOBRE EL AMOR Y EL DESAMOR/clip_0228.mp4,True,data/clips/CHARLA SOBRE EL AMOR Y EL DESAMOR/clip_0228.txt,True,True
CHARLA SOBRE EL AMOR Y EL DESAMOR,clip_0229,val,f04,100,que tenes que meterte alcohol para encararte una mina yo no te van,que tenes que meterte alcohol para encararte una mina yo no te van,que tenes que meterte alcohol para encararte una mina yo no te van,uncertain,0.34,0.0,0.0,correccion_inferida|posible_alucinacion,,reject_suggestion,yo no te van parece dañado pero no hay alternativa segura,data/clips/CHARLA SOBRE EL AMOR Y EL DESAMOR/clip_0229.mp4,True,data/clips/CHARLA SOBRE EL AMOR Y EL DESAMOR/clip_0229.txt,True,True
CHARLA SOBRE EL AMOR Y EL DESAMOR,clip_0230,val,f04,100,yo sabre que te voy a decir andad a poco intentadlo de a poco date tiempo,yo sabre que te voy a decir andad a poco intentadlo de a poco date tiempo,sabes que te voy a decir anda de a poco intentalo de a poco date tiempo,corrected,0.84,0.0556,0.25,cambio_grande|correccion_inferida,,reject_suggestion,sabre andad e intentadlo son errores claros para el registro rioplatense,data/clips/CHARLA SOBRE EL AMOR Y EL DESAMOR/clip_0230.mp4,True,data/clips/CHARLA SOBRE EL AMOR Y EL DESAMOR/clip_0230.txt,True,True
CHARLA SOBRE EL AMOR Y EL DESAMOR,clip_0231,val,f04,100,a los 16 años por ahi no estas listo para encararte una persona es dificil encarar,a los 16 años por ahi no estas listo para encararte una persona es dificil encarar,a los 16 años por ahi no estas listo para encararte una persona es dificil encarar,keep,0.88,0.0,0.0,,,keep_raw,,data/clips/CHARLA SOBRE EL AMOR Y EL DESAMOR/clip_0231.mp4,True,data/clips/CHARLA SOBRE EL AMOR Y EL DESAMOR/clip_0231.txt,True,True
CHARLA SOBRE EL AMOR Y EL DESAMOR,clip_0232,val,f04,100,a todos nos cuesta encarar sobrio,a todos nos cuesta encarar sobrio,a todos nos cuesta encarar sobrio,keep,0.88,0.0,0.0,,,keep_raw,,data/clips/CHARLA SOBRE EL AMOR Y EL DESAMOR/clip_0232.mp4,True,data/clips/CHARLA SOBRE EL AMOR Y EL DESAMOR/clip_0232.txt,True,True
CHARLA SOBRE EL AMOR Y EL DESAMOR,clip_0233,val,f04,100,mas dificil todavia pero yo,mas dificil todavia pero yo,mas dificil todavia pero yo,keep,0.88,0.0,0.0,,,keep_raw,,data/clips/CHARLA SOBRE EL AMOR Y EL DESAMOR/clip_0233.mp4,True,data/clips/CHARLA SOBRE EL AMOR Y EL DESAMOR/clip_0233.txt,True,True
CHARLA SOBRE EL AMOR Y EL DESAMOR,clip_0234,val,f04,100,nunca te voy a decir entonces anda ponerte en pedo,nunca te voy a decir entonces anda ponerte en pedo,nunca te voy a decir entonces anda a ponerte en pedo,corrected,0.92,0.0196,0.0476,jerga|correccion_inferida,,accept_correction,falta a en la construccion anda a ponerte,data/clips/CHARLA SOBRE EL AMOR Y EL DESAMOR/clip_0234.mp4,True,data/clips/CHARLA SOBRE EL AMOR Y EL DESAMOR/clip_0234.txt,True,True
CHARLA SOBRE EL AMOR Y EL DESAMOR,clip_0235,val,f04,100,y encarar porque esa no es la solucion en la vida no vas a estar toda la vida en pedo,y encarar porque esa no es la solucion en la vida no vas a estar toda la vida en pedo,y encarar porque esa no es la solucion en la vida no vas a estar toda la vida en pedo,keep,0.88,0.0,0.0,,,keep_raw,,data/clips/CHARLA SOBRE EL AMOR Y EL DESAMOR/clip_0235.mp4,True,data/clips/CHARLA SOBRE EL AMOR Y EL DESAMOR/clip_0235.txt,True,True
CHARLA SOBRE EL AMOR Y EL DESAMOR,clip_0236,val,f04,100,para poder solucionar tus problemas porque tal vez estoy en pedo,para poder solucionar tus problemas porque tal vez estoy en pedo,para poder solucionar tus problemas porque tal vez estoy en pedo,uncertain,0.48,0.0,0.0,jerga|correccion_inferida,,reject_suggestion,posible error en tal vez pero no hay confianza suficiente,data/clips/CHARLA SOBRE EL AMOR Y EL DESAMOR/clip_0236.mp4,True,data/clips/CHARLA SOBRE EL AMOR Y EL DESAMOR/clip_0236.txt,True,True
CHARLA SOBRE EL AMOR Y EL DESAMOR,clip_0237,val,f04,100,no en la vida vas a estar la mayor parte de tu vida sobrio y vas a tener que aprender,no en la vida vas a estar la mayor parte de tu vida sobrio y vas a tener que aprender,no en la vida vas a estar la mayor parte de tu vida sobrio y vas a tener que aprender,keep,0.88,0.0,0.0,,,keep_raw,,data/clips/CHARLA SOBRE EL AMOR Y EL DESAMOR/clip_0237.mp4,True,data/clips/CHARLA SOBRE EL AMOR Y EL DESAMOR/clip_0237.txt,True,True
CHARLA SOBRE EL AMOR Y EL DESAMOR,clip_0238,val,f04,100,a resolver los problemas sobrio entonces por que mejor no mejoras tu lado sobrio,a resolver los problemas sobrio entonces por que mejor no mejoras tu lado sobrio,a resolver los problemas sobrio entonces por que mejor no mejoras tu lado sobrio,keep,0.88,0.0,0.0,,,keep_raw,,data/clips/CHARLA SOBRE EL AMOR Y EL DESAMOR/clip_0238.mp4,True,data/clips/CHARLA SOBRE EL AMOR Y EL DESAMOR/clip_0238.txt,True,True
CHARLA SOBRE EL AMOR Y EL DESAMOR,clip_0239,val,f04,100,antes de trabajar en el lado ebrio si quieren tomar,antes de trabajar en el lado ebrio si quieren tomar,antes de trabajar en el lado ebrio si quieren tomar,keep,0.88,0.0,0.0,,,keep_raw,,data/clips/CHARLA SOBRE EL AMOR Y EL DESAMOR/clip_0239.mp4,True,data/clips/CHARLA SOBRE EL AMOR Y EL DESAMOR/clip_0239.txt,True,True
CHARLA SOBRE EL AMOR Y EL DESAMOR,clip_0240,val,f04,100,tomen con precaucion si quieren fumar fumen con precaucion yo no me voy a meter,tomen con precaucion si quieren fumar fumen con precaucion yo no me voy a meter,tomen con precaucion si quieren fumar fumen con precaucion yo no me voy a meter,keep,0.88,0.0,0.0,,,keep_raw,,data/clips/CHARLA SOBRE EL AMOR Y EL DESAMOR/clip_0240.mp4,True,data/clips/CHARLA SOBRE EL AMOR Y EL DESAMOR/clip_0240.txt,True,True
CHARLA SOBRE EL AMOR Y EL DESAMOR,clip_0241,val,f04,100,en la vida de nadie simplemente les estoy diciendo que es lo que hago yo,en la vida de nadie simplemente les estoy diciendo que es lo que hago yo,en la vida de nadie simplemente les estoy diciendo que es lo que hago yo,keep,0.88,0.0,0.0,,,keep_raw,,data/clips/CHARLA SOBRE EL AMOR Y EL DESAMOR/clip_0241.mp4,True,data/clips/CHARLA SOBRE EL AMOR Y EL DESAMOR/clip_0241.txt,True,True
CHARLA SOBRE EL AMOR Y EL DESAMOR,clip_0242,val,f04,100,que consumo yo que no consumo yo yo consumo vegetales ahora bueno por la velada,que consumo yo que no consumo yo yo consumo vegetales ahora bueno por la velada,que consumo yo que no consumo yo yo consumo vegetales ahora bueno por la velada,keep,0.88,0.0,0.0,,,keep_raw,,data/clips/CHARLA SOBRE EL AMOR Y EL DESAMOR/clip_0242.mp4,True,data/clips/CHARLA SOBRE EL AMOR Y EL DESAMOR/clip_0242.txt,True,True
CHARLA SOBRE EL AMOR Y EL DESAMOR,clip_0243,val,f04,100,carnes pero despues voy a volver a consumir vegetales porque me encanta ser vegetariano,carnes pero despues voy a volver a consumir vegetales porque me encanta ser vegetariano,carnes pero despues voy a volver a consumir vegetales porque me encanta ser vegetariano,keep,0.88,0.0,0.0,,,keep_raw,,data/clips/CHARLA SOBRE EL AMOR Y EL DESAMOR/clip_0243.mp4,True,data/clips/CHARLA SOBRE EL AMOR Y EL DESAMOR/clip_0243.txt,True,True
CHARLA SOBRE EL AMOR Y EL DESAMOR,clip_0244,val,f04,100,consumo vegetales consumo agua,consumo vegetales consumo agua,consumo vegetales consumo agua,keep,0.88,0.0,0.0,,,keep_raw,,data/clips/CHARLA SOBRE EL AMOR Y EL DESAMOR/clip_0244.mp4,True,data/clips/CHARLA SOBRE EL AMOR Y EL DESAMOR/clip_0244.txt,True,True
CHARLA SOBRE EL AMOR Y EL DESAMOR,clip_0245,val,f04,100,y consumo cero drogas cero alcohol y me encanta porque tengo 31 años,y consumo cero drogas cero alcohol y me encanta porque tengo 31 años,y consumo cero drogas cero alcohol y me encanta porque tengo 31 años,keep,0.88,0.0,0.0,,,keep_raw,,data/clips/CHARLA SOBRE EL AMOR Y EL DESAMOR/clip_0245.mp4,True,data/clips/CHARLA SOBRE EL AMOR Y EL DESAMOR/clip_0245.txt,True,True
CHARLA SOBRE EL AMOR Y EL DESAMOR,clip_0246,val,f04,100,y parezco de 28,y parezco de 28,y parezco de 28,keep,0.88,0.0,0.0,,,keep_raw,,data/clips/CHARLA SOBRE EL AMOR Y EL DESAMOR/clip_0246.mp4,True,data/clips/CHARLA SOBRE EL AMOR Y EL DESAMOR/clip_0246.txt,True,True
CHARLA SOBRE EL AMOR Y EL DESAMOR,clip_0247,val,f04,100,yo creo sin el video de 28 de 40 nada eso no entro,yo creo sin el video de 28 de 40 nada eso no entro,yo creo sin el video de 28 de 40 nada eso no entro,uncertain,0.28,0.0,0.0,numero|correccion_inferida|posible_alucinacion|requiere_video,,reject_suggestion,frase final poco clara sin alternativa segura,data/clips/CHARLA SOBRE EL AMOR Y EL DESAMOR/clip_0247.mp4,True,data/clips/CHARLA SOBRE EL AMOR Y EL DESAMOR/clip_0247.txt,True,True
